"Path","JarPath","SourceSHA256","JarSHA256","Packaged","ByteEqual"
"src/main/resources/assets/create_nuclear_industry/blockstates/turbine_exhaust.json","assets/create_nuclear_industry/blockstates/turbine_exhaust.json","B92C6401B2AE3317D917DED34497B20BD16C24DBDB71FEC9F88592DA66C5EB8F","B92C6401B2AE3317D917DED34497B20BD16C24DBDB71FEC9F88592DA66C5EB8F","True","True"
"src/main/resources/assets/create_nuclear_industry/blockstates/turbine_inlet.json","assets/create_nuclear_industry/blockstates/turbine_inlet.json","CEDAD0CBB399FE1AC6D1AB963A2301EABE57B7D5C6254A9C901773DEBAA2D7D3","CEDAD0CBB399FE1AC6D1AB963A2301EABE57B7D5C6254A9C901773DEBAA2D7D3","True","True"
"src/main/resources/assets/create_nuclear_industry/blockstates/turbine_output_shaft.json","assets/create_nuclear_industry/blockstates/turbine_output_shaft.json","A33B4EC9710BA36352FB6D04519591B4FA4FB9555191CCA59D4D46AA67A6F190","A33B4EC9710BA36352FB6D04519591B4FA4FB9555191CCA59D4D46AA67A6F190","True","True"
"src/main/resources/assets/create_nuclear_industry/lang/en_us.json","assets/create_nuclear_industry/lang/en_us.json","8C9104DDEA32196A8B2FD6D161CA31B400C1D00BCFDD430ED82C97D60EC2AEC5","8C9104DDEA32196A8B2FD6D161CA31B400C1D00BCFDD430ED82C97D60EC2AEC5","True","True"
"src/main/resources/assets/create_nuclear_industry/lang/zh_cn.json","assets/create_nuclear_industry/lang/zh_cn.json","231112D74EDBCBDC11FF6C58B04CC9357BDA64633403DC95D64BDF204FCC956B","231112D74EDBCBDC11FF6C58B04CC9357BDA64633403DC95D64BDF204FCC956B","True","True"
"src/main/resources/assets/create_nuclear_industry/models/block/turbine/exhaust_loose_down.json","assets/create_nuclear_industry/models/block/turbine/exhaust_loose_down.json","A8A1F6A4254A2115572AEE276EB982D9749DF9377D93BD1934DDA37A0F99E044","A8A1F6A4254A2115572AEE276EB982D9749DF9377D93BD1934DDA37A0F99E044","True","True"
"src/main/resources/assets/create_nuclear_industry/models/block/turbine/exhaust_loose_east.json","assets/create_nuclear_industry/models/block/turbine/exhaust_loose_east.json","DD78F9E394964CEE46C3067CB3FE492E51452152FAD65E03191830AE1AB64B56","DD78F9E394964CEE46C3067CB3FE492E51452152FAD65E03191830AE1AB64B56","True","True"
"src/main/resources/assets/create_nuclear_industry/models/block/turbine/exhaust_loose_north.json","assets/create_nuclear_industry/models/block/turbine/exhaust_loose_north.json","54F226164A3237E3BD52F7A70916A4E19925C770DC588A44F6DD3BF653261CBA","54F226164A3237E3BD52F7A70916A4E19925C770DC588A44F6DD3BF653261CBA","True","True"
"src/main/resources/assets/create_nuclear_industry/models/block/turbine/exhaust_loose_south.json","assets/create_nuclear_industry/models/block/turbine/exhaust_loose_south.json","9B334227B103FB1D1EC50715DB1FE7B293241C2B7AE0487D401210B2C97E7BBB","9B334227B103FB1D1EC50715DB1FE7B293241C2B7AE0487D401210B2C97E7BBB","True","True"
"src/main/resources/assets/create_nuclear_industry/models/block/turbine/exhaust_loose_up.json","assets/create_nuclear_industry/models/block/turbine/exhaust_loose_up.json","481181D359E286ADC18DA467B1BFD6943A176CDEC7BC078791D69E9858CFA83C","481181D359E286ADC18DA467B1BFD6943A176CDEC7BC078791D69E9858CFA83C","True","True"
"src/main/resources/assets/create_nuclear_industry/models/block/turbine/exhaust_loose_west.json","assets/create_nuclear_industry/models/block/turbine/exhaust_loose_west.json","33C5899990B0EEFB67172F47C9944995E22467CF18AB27C6090A1B89BEA68C78","33C5899990B0EEFB67172F47C9944995E22467CF18AB27C6090A1B89BEA68C78","True","True"
"src/main/resources/assets/create_nuclear_industry/models/block/turbine/inlet_loose_down.json","assets/create_nuclear_industry/models/block/turbine/inlet_loose_down.json","6B8CCF063ECF85A1D13DCBE5773CE009DEDF5A7B8545714850338C0E266EF335","6B8CCF063ECF85A1D13DCBE5773CE009DEDF5A7B8545714850338C0E266EF335","True","True"
"src/main/resources/assets/create_nuclear_industry/models/block/turbine/inlet_loose_east.json","assets/create_nuclear_industry/models/block/turbine/inlet_loose_east.json","F511B0FACAD7CA2AC0A4BB0D9EA4E99D516E84E0463ECD89FBA79408253CF0A1","F511B0FACAD7CA2AC0A4BB0D9EA4E99D516E84E0463ECD89FBA79408253CF0A1","True","True"
"src/main/resources/assets/create_nuclear_industry/models/block/turbine/inlet_loose_north.json","assets/create_nuclear_industry/models/block/turbine/inlet_loose_north.json","32AC9B7ACEBF90E134B7D1D6DF762097CD5D4A9396FE4F61C3CC90C76638B9D5","32AC9B7ACEBF90E134B7D1D6DF762097CD5D4A9396FE4F61C3CC90C76638B9D5","True","True"
"src/main/resources/assets/create_nuclear_industry/models/block/turbine/inlet_loose_south.json","assets/create_nuclear_industry/models/block/turbine/inlet_loose_south.json","025B0EEB375ADBE2D043B2BE8FBECADBE001D364F3040004943329818FCC4D9A","025B0EEB375ADBE2D043B2BE8FBECADBE001D364F3040004943329818FCC4D9A","True","True"
"src/main/resources/assets/create_nuclear_industry/models/block/turbine/inlet_loose_up.json","assets/create_nuclear_industry/models/block/turbine/inlet_loose_up.json","55CF0B67AB100B83D304E484D8646F6A6CFA171AC9FB6388FA5512C2C5C9EA53","55CF0B67AB100B83D304E484D8646F6A6CFA171AC9FB6388FA5512C2C5C9EA53","True","True"
"src/main/resources/assets/create_nuclear_industry/models/block/turbine/inlet_loose_west.json","assets/create_nuclear_industry/models/block/turbine/inlet_loose_west.json","5AB363774B60F79EAFB2EBAE326CF649CD74FD12134AEF4AEEC941842D3C35CA","5AB363774B60F79EAFB2EBAE326CF649CD74FD12134AEF4AEEC941842D3C35CA","True","True"
"src/main/resources/assets/create_nuclear_industry/models/block/turbine/mesh/casing_d3_front_x-1_y-1.obj","assets/create_nuclear_industry/models/block/turbine/mesh/casing_d3_front_x-1_y-1.obj","AEF543853A3DA0500B57198EA6624EC00574B9AB77BB8886208B4F2CC7DFB059","AEF543853A3DA0500B57198EA6624EC00574B9AB77BB8886208B4F2CC7DFB059","True","True"
"src/main/resources/assets/create_nuclear_industry/models/block/turbine/mesh/casing_d3_front_x-1_y1.obj","assets/create_nuclear_industry/models/block/turbine/mesh/casing_d3_front_x-1_y1.obj","F2AD30F812C6F6431EED34FDCB15933608E6991E4F57B426A6DC26E9132019B8","F2AD30F812C6F6431EED34FDCB15933608E6991E4F57B426A6DC26E9132019B8","True","True"
"src/main/resources/assets/create_nuclear_industry/models/block/turbine/mesh/casing_d3_front_x1_y-1.obj","assets/create_nuclear_industry/models/block/turbine/mesh/casing_d3_front_x1_y-1.obj","FE2726B5635B5655AD0FA1415CDB519597C635E4C61EE965D035FB3449ADC141","FE2726B5635B5655AD0FA1415CDB519597C635E4C61EE965D035FB3449ADC141","True","True"
"src/main/resources/assets/create_nuclear_industry/models/block/turbine/mesh/casing_d3_front_x1_y1.obj","assets/create_nuclear_industry/models/block/turbine/mesh/casing_d3_front_x1_y1.obj","C8E7F73AA670740883E0D1AA5C4CAA9157972C98D0352D3C26B5E3EE0F03B480","C8E7F73AA670740883E0D1AA5C4CAA9157972C98D0352D3C26B5E3EE0F03B480","True","True"
"src/main/resources/assets/create_nuclear_industry/models/block/turbine/mesh/casing_d3_rear_x-1_y-1.obj","assets/create_nuclear_industry/models/block/turbine/mesh/casing_d3_rear_x-1_y-1.obj","AF3FD28E93D3915531449ACFA09D5CFE3EFCABFEF4603B33C8AE2E6378884D1F","AF3FD28E93D3915531449ACFA09D5CFE3EFCABFEF4603B33C8AE2E6378884D1F","True","True"
"src/main/resources/assets/create_nuclear_industry/models/block/turbine/mesh/casing_d3_rear_x-1_y1.obj","assets/create_nuclear_industry/models/block/turbine/mesh/casing_d3_rear_x-1_y1.obj","3A22906F9312B4BABBA465D87C9E7E9484D931288F33A46B80E521D377E023C4","3A22906F9312B4BABBA465D87C9E7E9484D931288F33A46B80E521D377E023C4","True","True"
"src/main/resources/assets/create_nuclear_industry/models/block/turbine/mesh/casing_d3_rear_x1_y-1.obj","assets/create_nuclear_industry/models/block/turbine/mesh/casing_d3_rear_x1_y-1.obj","38013AAFDB6CCEA486500061A29F388E7E4F70BFFB1E969BC599111A5BD933C7","38013AAFDB6CCEA486500061A29F388E7E4F70BFFB1E969BC599111A5BD933C7","True","True"
"src/main/resources/assets/create_nuclear_industry/models/block/turbine/mesh/casing_d3_rear_x1_y1.obj","assets/create_nuclear_industry/models/block/turbine/mesh/casing_d3_rear_x1_y1.obj","284A954795E5B7B56E1E185CE7F946DBCF6AA2A42A3884198C6285DFB24D136F","284A954795E5B7B56E1E185CE7F946DBCF6AA2A42A3884198C6285DFB24D136F","True","True"
"src/main/resources/assets/create_nuclear_industry/models/block/turbine/mesh/casing_d5_front_x-1_y-2.obj","assets/create_nuclear_industry/models/block/turbine/mesh/casing_d5_front_x-1_y-2.obj","4B00F5B35BC7DF3132070FA06682DC4E2C2F83CB3DA86F3B1FB31A0D51D3D217","4B00F5B35BC7DF3132070FA06682DC4E2C2F83CB3DA86F3B1FB31A0D51D3D217","True","True"
"src/main/resources/assets/create_nuclear_industry/models/block/turbine/mesh/casing_d5_front_x-1_y2.obj","assets/create_nuclear_industry/models/block/turbine/mesh/casing_d5_front_x-1_y2.obj","0C6104D550B134E31FC4FB3B6F5C8CE77CCBD4E406D06C119C8999626F84EFB6","0C6104D550B134E31FC4FB3B6F5C8CE77CCBD4E406D06C119C8999626F84EFB6","True","True"
"src/main/resources/assets/create_nuclear_industry/models/block/turbine/mesh/casing_d5_front_x-2_y-1.obj","assets/create_nuclear_industry/models/block/turbine/mesh/casing_d5_front_x-2_y-1.obj","AB756F7D3E8F52C36766F2E4689BBB063D2C34A5125C0D17FC2C36341228FB76","AB756F7D3E8F52C36766F2E4689BBB063D2C34A5125C0D17FC2C36341228FB76","True","True"
"src/main/resources/assets/create_nuclear_industry/models/block/turbine/mesh/casing_d5_front_x-2_y1.obj","assets/create_nuclear_industry/models/block/turbine/mesh/casing_d5_front_x-2_y1.obj","4A1A64B92F4D0E2A8E1F7655CAABE6AA2FD758FB6EFF0C748E98EA51D5B41828","4A1A64B92F4D0E2A8E1F7655CAABE6AA2FD758FB6EFF0C748E98EA51D5B41828","True","True"
"src/main/resources/assets/create_nuclear_industry/models/block/turbine/mesh/casing_d5_front_x1_y-2.obj","assets/create_nuclear_industry/models/block/turbine/mesh/casing_d5_front_x1_y-2.obj","63DD5E3070C7A6A898C63816C017BB655DB35665AA2A08E5667E4A57206EF2D8","63DD5E3070C7A6A898C63816C017BB655DB35665AA2A08E5667E4A57206EF2D8","True","True"
"src/main/resources/assets/create_nuclear_industry/models/block/turbine/mesh/casing_d5_front_x1_y2.obj","assets/create_nuclear_industry/models/block/turbine/mesh/casing_d5_front_x1_y2.obj","1A1DDAB1E8675461545544D0A46ECE66083A57CB505D34B2EA3F51E69F7544DC","1A1DDAB1E8675461545544D0A46ECE66083A57CB505D34B2EA3F51E69F7544DC","True","True"
"src/main/resources/assets/create_nuclear_industry/models/block/turbine/mesh/casing_d5_front_x2_y-1.obj","assets/create_nuclear_industry/models/block/turbine/mesh/casing_d5_front_x2_y-1.obj","D4EF099EB90039469D81A15B6DDFE8751B02BE832DD0307956CC0B8F75772CAF","D4EF099EB90039469D81A15B6DDFE8751B02BE832DD0307956CC0B8F75772CAF","True","True"
"src/main/resources/assets/create_nuclear_industry/models/block/turbine/mesh/casing_d5_front_x2_y1.obj","assets/create_nuclear_industry/models/block/turbine/mesh/casing_d5_front_x2_y1.obj","F3AC4EA2139DF64770499DEE0BEC42D7C937BC3759B81DD50B8695917F20E2BE","F3AC4EA2139DF64770499DEE0BEC42D7C937BC3759B81DD50B8695917F20E2BE","True","True"
"src/main/resources/assets/create_nuclear_industry/models/block/turbine/mesh/casing_d5_rear_x-1_y-2.obj","assets/create_nuclear_industry/models/block/turbine/mesh/casing_d5_rear_x-1_y-2.obj","AD724219C4C5C7EC0FDA3CE0778672626CD09BEB4919F7A2EFE9C91D99482C6F","AD724219C4C5C7EC0FDA3CE0778672626CD09BEB4919F7A2EFE9C91D99482C6F","True","True"
"src/main/resources/assets/create_nuclear_industry/models/block/turbine/mesh/casing_d5_rear_x-1_y2.obj","assets/create_nuclear_industry/models/block/turbine/mesh/casing_d5_rear_x-1_y2.obj","245646B6385F34E38E04EE50FB468FF8CEFCAB1EC3469BF9D59090F17E8D50FE","245646B6385F34E38E04EE50FB468FF8CEFCAB1EC3469BF9D59090F17E8D50FE","True","True"
"src/main/resources/assets/create_nuclear_industry/models/block/turbine/mesh/casing_d5_rear_x-2_y-1.obj","assets/create_nuclear_industry/models/block/turbine/mesh/casing_d5_rear_x-2_y-1.obj","E4CB21794B59365AE60037AE4779C3CFEE2A4792F2704F2F4CCEFC21451F47BB","E4CB21794B59365AE60037AE4779C3CFEE2A4792F2704F2F4CCEFC21451F47BB","True","True"
"src/main/resources/assets/create_nuclear_industry/models/block/turbine/mesh/casing_d5_rear_x-2_y1.obj","assets/create_nuclear_industry/models/block/turbine/mesh/casing_d5_rear_x-2_y1.obj","E3E56626B202D014B75C9BC62FCCB1CA100A229C5EF1C6B84DED5ADA4697C6CD","E3E56626B202D014B75C9BC62FCCB1CA100A229C5EF1C6B84DED5ADA4697C6CD","True","True"
"src/main/resources/assets/create_nuclear_industry/models/block/turbine/mesh/casing_d5_rear_x1_y-2.obj","assets/create_nuclear_industry/models/block/turbine/mesh/casing_d5_rear_x1_y-2.obj","2E99A67595824BF405FEB76343339BA7127E804297455CE17C170DEE4A8C79D5","2E99A67595824BF405FEB76343339BA7127E804297455CE17C170DEE4A8C79D5","True","True"
"src/main/resources/assets/create_nuclear_industry/models/block/turbine/mesh/casing_d5_rear_x1_y2.obj","assets/create_nuclear_industry/models/block/turbine/mesh/casing_d5_rear_x1_y2.obj","B98E59B54EA5522AFD0F1DF059D3882F7C2D2310645F3D7EC33FA7489F0819E7","B98E59B54EA5522AFD0F1DF059D3882F7C2D2310645F3D7EC33FA7489F0819E7","True","True"
"src/main/resources/assets/create_nuclear_industry/models/block/turbine/mesh/casing_d5_rear_x2_y-1.obj","assets/create_nuclear_industry/models/block/turbine/mesh/casing_d5_rear_x2_y-1.obj","37DA1D6B2660FA6943E7FED47B0E2924B375C24439563A78914583CE6440EFCC","37DA1D6B2660FA6943E7FED47B0E2924B375C24439563A78914583CE6440EFCC","True","True"
"src/main/resources/assets/create_nuclear_industry/models/block/turbine/mesh/casing_d5_rear_x2_y1.obj","assets/create_nuclear_industry/models/block/turbine/mesh/casing_d5_rear_x2_y1.obj","6F148DD72CE4FE3CF8063176C37248A0520C19E2CB5A3DDFD71140F3EBF2F6B3","6F148DD72CE4FE3CF8063176C37248A0520C19E2CB5A3DDFD71140F3EBF2F6B3","True","True"
"src/main/resources/assets/create_nuclear_industry/models/block/turbine/mesh/casing_d7_front_x-1_y-3.obj","assets/create_nuclear_industry/models/block/turbine/mesh/casing_d7_front_x-1_y-3.obj","513CE31FE1B7BF06F3D95F7A8778AC4358B8F00C4725D611D0CFD86ADDF77F5F","513CE31FE1B7BF06F3D95F7A8778AC4358B8F00C4725D611D0CFD86ADDF77F5F","True","True"
"src/main/resources/assets/create_nuclear_industry/models/block/turbine/mesh/casing_d7_front_x-1_y3.obj","assets/create_nuclear_industry/models/block/turbine/mesh/casing_d7_front_x-1_y3.obj","C6E138DF6C0D79854C5737DB4DDAED02D755D3700B6EDFEA9784A75988B8CC1B","C6E138DF6C0D79854C5737DB4DDAED02D755D3700B6EDFEA9784A75988B8CC1B","True","True"
"src/main/resources/assets/create_nuclear_industry/models/block/turbine/mesh/casing_d7_front_x-2_y-2.obj","assets/create_nuclear_industry/models/block/turbine/mesh/casing_d7_front_x-2_y-2.obj","2AD62C3F3060D297FF9EC13978A9473BE8657A11492DAC761D55843F916B9563","2AD62C3F3060D297FF9EC13978A9473BE8657A11492DAC761D55843F916B9563","True","True"
"src/main/resources/assets/create_nuclear_industry/models/block/turbine/mesh/casing_d7_front_x-2_y2.obj","assets/create_nuclear_industry/models/block/turbine/mesh/casing_d7_front_x-2_y2.obj","453F0F360CD7FBECEB8BAF83176A808D1157FCBE1FFCA2E09435A2FBBB6FA936","453F0F360CD7FBECEB8BAF83176A808D1157FCBE1FFCA2E09435A2FBBB6FA936","True","True"
"src/main/resources/assets/create_nuclear_industry/models/block/turbine/mesh/casing_d7_front_x-3_y-1.obj","assets/create_nuclear_industry/models/block/turbine/mesh/casing_d7_front_x-3_y-1.obj","601E468180A5135E4B8C1B34DE3CF4A3B98FF5535BFDE992509732AD50D7C93A","601E468180A5135E4B8C1B34DE3CF4A3B98FF5535BFDE992509732AD50D7C93A","True","True"
"src/main/resources/assets/create_nuclear_industry/models/block/turbine/mesh/casing_d7_front_x-3_y1.obj","assets/create_nuclear_industry/models/block/turbine/mesh/casing_d7_front_x-3_y1.obj","C7C2BD40C366CBA658F8D6506DA2A2D1E81C05F763B397E99C5DF59326283227","C7C2BD40C366CBA658F8D6506DA2A2D1E81C05F763B397E99C5DF59326283227","True","True"
"src/main/resources/assets/create_nuclear_industry/models/block/turbine/mesh/casing_d7_front_x1_y-3.obj","assets/create_nuclear_industry/models/block/turbine/mesh/casing_d7_front_x1_y-3.obj","3F93EA3FA512F26A88CB678DD3C056B803AFF908A90BCE42F7A9E2339D1525F3","3F93EA3FA512F26A88CB678DD3C056B803AFF908A90BCE42F7A9E2339D1525F3","True","True"
"src/main/resources/assets/create_nuclear_industry/models/block/turbine/mesh/casing_d7_front_x1_y3.obj","assets/create_nuclear_industry/models/block/turbine/mesh/casing_d7_front_x1_y3.obj","824744CDA065F9B2CCC213AEBE60212F259BD63AC0F1DC22EDAEC8F3567D6EF8","824744CDA065F9B2CCC213AEBE60212F259BD63AC0F1DC22EDAEC8F3567D6EF8","True","True"
"src/main/resources/assets/create_nuclear_industry/models/block/turbine/mesh/casing_d7_front_x2_y-2.obj","assets/create_nuclear_industry/models/block/turbine/mesh/casing_d7_front_x2_y-2.obj","76B4C9FBBABED6D9221295BF8B347BBF203638F7A989EAC5FE06EAAD64CE3769","76B4C9FBBABED6D9221295BF8B347BBF203638F7A989EAC5FE06EAAD64CE3769","True","True"
"src/main/resources/assets/create_nuclear_industry/models/block/turbine/mesh/casing_d7_front_x2_y2.obj","assets/create_nuclear_industry/models/block/turbine/mesh/casing_d7_front_x2_y2.obj","F0BBB8C2583E7DE78257845E480AE24D41594446175C6131597624B739B08B3F","F0BBB8C2583E7DE78257845E480AE24D41594446175C6131597624B739B08B3F","True","True"
"src/main/resources/assets/create_nuclear_industry/models/block/turbine/mesh/casing_d7_front_x3_y-1.obj","assets/create_nuclear_industry/models/block/turbine/mesh/casing_d7_front_x3_y-1.obj","FBE0EB351AFC128BE680BDE9F698A036397D16D58D6E77534CA841E9D388B360","FBE0EB351AFC128BE680BDE9F698A036397D16D58D6E77534CA841E9D388B360","True","True"
"src/main/resources/assets/create_nuclear_industry/models/block/turbine/mesh/casing_d7_front_x3_y1.obj","assets/create_nuclear_industry/models/block/turbine/mesh/casing_d7_front_x3_y1.obj","9F869C55CBB377947B4EEF308798DBFC9FAE72DC1AE77E0C86E4611A53830A6A","9F869C55CBB377947B4EEF308798DBFC9FAE72DC1AE77E0C86E4611A53830A6A","True","True"
"src/main/resources/assets/create_nuclear_industry/models/block/turbine/mesh/casing_d7_rear_x-1_y-3.obj","assets/create_nuclear_industry/models/block/turbine/mesh/casing_d7_rear_x-1_y-3.obj","DFEDDCECA52DED0EB4F46D63D01701EA62AA98F12DD4D6C35B57559FF7F07182","DFEDDCECA52DED0EB4F46D63D01701EA62AA98F12DD4D6C35B57559FF7F07182","True","True"
"src/main/resources/assets/create_nuclear_industry/models/block/turbine/mesh/casing_d7_rear_x-1_y3.obj","assets/create_nuclear_industry/models/block/turbine/mesh/casing_d7_rear_x-1_y3.obj","9A0BFDEF1C12ADA27CEEA53E8B78099BD894DA4AAE849B7012122771E29E4EE6","9A0BFDEF1C12ADA27CEEA53E8B78099BD894DA4AAE849B7012122771E29E4EE6","True","True"
"src/main/resources/assets/create_nuclear_industry/models/block/turbine/mesh/casing_d7_rear_x-2_y-2.obj","assets/create_nuclear_industry/models/block/turbine/mesh/casing_d7_rear_x-2_y-2.obj","E7421B39EB28CD76B5A133F956EC7BB6422DDD7BCAC1549B134F5B349329138C","E7421B39EB28CD76B5A133F956EC7BB6422DDD7BCAC1549B134F5B349329138C","True","True"
"src/main/resources/assets/create_nuclear_industry/models/block/turbine/mesh/casing_d7_rear_x-2_y2.obj","assets/create_nuclear_industry/models/block/turbine/mesh/casing_d7_rear_x-2_y2.obj","FD229BA12315BE336EF4F68D8DE17DEB89575F03799F4AC1E85A0BB9DE868AED","FD229BA12315BE336EF4F68D8DE17DEB89575F03799F4AC1E85A0BB9DE868AED","True","True"
"src/main/resources/assets/create_nuclear_industry/models/block/turbine/mesh/casing_d7_rear_x-3_y-1.obj","assets/create_nuclear_industry/models/block/turbine/mesh/casing_d7_rear_x-3_y-1.obj","5C13A97B751295F5DCA09E1DAA634C72BD3D10B5C353E9FBC04786C1DCD7697A","5C13A97B751295F5DCA09E1DAA634C72BD3D10B5C353E9FBC04786C1DCD7697A","True","True"
"src/main/resources/assets/create_nuclear_industry/models/block/turbine/mesh/casing_d7_rear_x-3_y1.obj","assets/create_nuclear_industry/models/block/turbine/mesh/casing_d7_rear_x-3_y1.obj","FBC28645D6640BE1160909BB953B6218546BE4F85C19CC8342904CA57185CA33","FBC28645D6640BE1160909BB953B6218546BE4F85C19CC8342904CA57185CA33","True","True"
"src/main/resources/assets/create_nuclear_industry/models/block/turbine/mesh/casing_d7_rear_x1_y-3.obj","assets/create_nuclear_industry/models/block/turbine/mesh/casing_d7_rear_x1_y-3.obj","0DB1DE7FB5B464EF96D87FEB6228005CD1615F20D2F95C822F5FE3F33F959F8F","0DB1DE7FB5B464EF96D87FEB6228005CD1615F20D2F95C822F5FE3F33F959F8F","True","True"
"src/main/resources/assets/create_nuclear_industry/models/block/turbine/mesh/casing_d7_rear_x1_y3.obj","assets/create_nuclear_industry/models/block/turbine/mesh/casing_d7_rear_x1_y3.obj","880697D54ADE2273E9E36C57072D5B5F383618DB4960CFCE6EF44CEABC2563E8","880697D54ADE2273E9E36C57072D5B5F383618DB4960CFCE6EF44CEABC2563E8","True","True"
"src/main/resources/assets/create_nuclear_industry/models/block/turbine/mesh/casing_d7_rear_x2_y-2.obj","assets/create_nuclear_industry/models/block/turbine/mesh/casing_d7_rear_x2_y-2.obj","7B13B24D38CE837D7CD214E7BFA668946697DEB84FD780578E5996FBF2D9613C","7B13B24D38CE837D7CD214E7BFA668946697DEB84FD780578E5996FBF2D9613C","True","True"
"src/main/resources/assets/create_nuclear_industry/models/block/turbine/mesh/casing_d7_rear_x2_y2.obj","assets/create_nuclear_industry/models/block/turbine/mesh/casing_d7_rear_x2_y2.obj","0985251A2A804F7EB926BD80A3E0C8E5D62E80DDF1F7822DAA48AB78367182AB","0985251A2A804F7EB926BD80A3E0C8E5D62E80DDF1F7822DAA48AB78367182AB","True","True"
"src/main/resources/assets/create_nuclear_industry/models/block/turbine/mesh/casing_d7_rear_x3_y-1.obj","assets/create_nuclear_industry/models/block/turbine/mesh/casing_d7_rear_x3_y-1.obj","B7E52B23EF02206FD1DA184BBAB694806F36E297F73ADDE238FAFD3BB1426CEE","B7E52B23EF02206FD1DA184BBAB694806F36E297F73ADDE238FAFD3BB1426CEE","True","True"
"src/main/resources/assets/create_nuclear_industry/models/block/turbine/mesh/casing_d7_rear_x3_y1.obj","assets/create_nuclear_industry/models/block/turbine/mesh/casing_d7_rear_x3_y1.obj","720DB7459A62607BC82B96B21ED9883F584D6723BFC94C789A1297798402B8A5","720DB7459A62607BC82B96B21ED9883F584D6723BFC94C789A1297798402B8A5","True","True"
"src/main/resources/assets/create_nuclear_industry/models/block/turbine/mesh/controller_down.obj","assets/create_nuclear_industry/models/block/turbine/mesh/controller_down.obj","FE599990EE344D48F1A00C166990E3BDDE66D2624B9C119122FD86B763F578FC","FE599990EE344D48F1A00C166990E3BDDE66D2624B9C119122FD86B763F578FC","True","True"
"src/main/resources/assets/create_nuclear_industry/models/block/turbine/mesh/controller_left.obj","assets/create_nuclear_industry/models/block/turbine/mesh/controller_left.obj","E0321611674E4B4AC1D3A9230063FFBBDF48D59B2F059D1AA40E6FACE31F3551","E0321611674E4B4AC1D3A9230063FFBBDF48D59B2F059D1AA40E6FACE31F3551","True","True"
"src/main/resources/assets/create_nuclear_industry/models/block/turbine/mesh/controller_right.obj","assets/create_nuclear_industry/models/block/turbine/mesh/controller_right.obj","A3C63228DD03B637EA47F8EC9A57008B446BD289602A22FD3B974C05B4673600","A3C63228DD03B637EA47F8EC9A57008B446BD289602A22FD3B974C05B4673600","True","True"
"src/main/resources/assets/create_nuclear_industry/models/block/turbine/mesh/controller_up.obj","assets/create_nuclear_industry/models/block/turbine/mesh/controller_up.obj","0A59594A07CED9B44B79370DC05C7F27E1B5FBB443B056E1FBA05AC9158EBC31","0A59594A07CED9B44B79370DC05C7F27E1B5FBB443B056E1FBA05AC9158EBC31","True","True"
"src/main/resources/assets/create_nuclear_industry/models/block/turbine/mesh/exhaust_down.obj","assets/create_nuclear_industry/models/block/turbine/mesh/exhaust_down.obj","3C0D3953ADA6FF685E2E3DC9860BA032A8E3807B26BAD43139BA30C23AE7D2F6","3C0D3953ADA6FF685E2E3DC9860BA032A8E3807B26BAD43139BA30C23AE7D2F6","True","True"
"src/main/resources/assets/create_nuclear_industry/models/block/turbine/mesh/exhaust_left.obj","assets/create_nuclear_industry/models/block/turbine/mesh/exhaust_left.obj","8FDA6A145210575E69B665F760323FA2A91FBB2293D7732E58EEB22A2D5E877A","8FDA6A145210575E69B665F760323FA2A91FBB2293D7732E58EEB22A2D5E877A","True","True"
"src/main/resources/assets/create_nuclear_industry/models/block/turbine/mesh/exhaust_loose_down.obj","assets/create_nuclear_industry/models/block/turbine/mesh/exhaust_loose_down.obj","C26E1F6C8BBCC006248338629831769190D04715FC4CA62D1F8BD7B7C3211D20","C26E1F6C8BBCC006248338629831769190D04715FC4CA62D1F8BD7B7C3211D20","True","True"
"src/main/resources/assets/create_nuclear_industry/models/block/turbine/mesh/exhaust_loose_east.obj","assets/create_nuclear_industry/models/block/turbine/mesh/exhaust_loose_east.obj","150F3DB3268696B0784F599D39DC035D5100C2EC6F1111172F4EE7C37662397C","150F3DB3268696B0784F599D39DC035D5100C2EC6F1111172F4EE7C37662397C","True","True"
"src/main/resources/assets/create_nuclear_industry/models/block/turbine/mesh/exhaust_loose_north.obj","assets/create_nuclear_industry/models/block/turbine/mesh/exhaust_loose_north.obj","D66E7B00511B33BCD10AF217EBCBC4D36343859081E66F1B67871B767209E56D","D66E7B00511B33BCD10AF217EBCBC4D36343859081E66F1B67871B767209E56D","True","True"
"src/main/resources/assets/create_nuclear_industry/models/block/turbine/mesh/exhaust_loose_south.obj","assets/create_nuclear_industry/models/block/turbine/mesh/exhaust_loose_south.obj","24CB55978C0A07262BDE82AB8845816900AEA0C0E405BD9399B0D00CC5D1C149","24CB55978C0A07262BDE82AB8845816900AEA0C0E405BD9399B0D00CC5D1C149","True","True"
"src/main/resources/assets/create_nuclear_industry/models/block/turbine/mesh/exhaust_loose_up.obj","assets/create_nuclear_industry/models/block/turbine/mesh/exhaust_loose_up.obj","429A772A7DB6864407C036250FBAF3B1106B56EF1859FF1B131F8A628831A900","429A772A7DB6864407C036250FBAF3B1106B56EF1859FF1B131F8A628831A900","True","True"
"src/main/resources/assets/create_nuclear_industry/models/block/turbine/mesh/exhaust_loose_west.obj","assets/create_nuclear_industry/models/block/turbine/mesh/exhaust_loose_west.obj","66ABEA498A76E8F8E349BCAE12ECD6DD35DE9AD3929D3193BC09392E67EFB8CA","66ABEA498A76E8F8E349BCAE12ECD6DD35DE9AD3929D3193BC09392E67EFB8CA","True","True"
"src/main/resources/assets/create_nuclear_industry/models/block/turbine/mesh/exhaust_right.obj","assets/create_nuclear_industry/models/block/turbine/mesh/exhaust_right.obj","71E0B94E4BCC2A4BBF9EBA8CAAE4DDC9DAC127774E228B39FF5D13A5BE2DF00B","71E0B94E4BCC2A4BBF9EBA8CAAE4DDC9DAC127774E228B39FF5D13A5BE2DF00B","True","True"
"src/main/resources/assets/create_nuclear_industry/models/block/turbine/mesh/exhaust_top.obj","assets/create_nuclear_industry/models/block/turbine/mesh/exhaust_top.obj","56887DEAB8981E4188C97D8908D4A519776208320729E7E18292EE2839EBAE30","56887DEAB8981E4188C97D8908D4A519776208320729E7E18292EE2839EBAE30","True","True"
"src/main/resources/assets/create_nuclear_industry/models/block/turbine/mesh/exhaust_up.obj","assets/create_nuclear_industry/models/block/turbine/mesh/exhaust_up.obj","8793898BF6C823308E2A5C92CA407FF931EF27248356974CA8180C7FB510B637","8793898BF6C823308E2A5C92CA407FF931EF27248356974CA8180C7FB510B637","True","True"
"src/main/resources/assets/create_nuclear_industry/models/block/turbine/mesh/inlet_down.obj","assets/create_nuclear_industry/models/block/turbine/mesh/inlet_down.obj","4720640611EE64B2EC16D7BA2E5968DAB24CFF9424B5B5EA3AAF11A3F8BC2831","4720640611EE64B2EC16D7BA2E5968DAB24CFF9424B5B5EA3AAF11A3F8BC2831","True","True"
"src/main/resources/assets/create_nuclear_industry/models/block/turbine/mesh/inlet_left.obj","assets/create_nuclear_industry/models/block/turbine/mesh/inlet_left.obj","562C95D9F08B19D5EDCAE0AC3EC4DAE655AAC16289DB0F5ABFF9D4D92D954C53","562C95D9F08B19D5EDCAE0AC3EC4DAE655AAC16289DB0F5ABFF9D4D92D954C53","True","True"
"src/main/resources/assets/create_nuclear_industry/models/block/turbine/mesh/inlet_loose_down.obj","assets/create_nuclear_industry/models/block/turbine/mesh/inlet_loose_down.obj","7DE8ABE7FB54AAD57817638709868F201C688C6E6C7C97C4D53FBB8A2F1360B1","7DE8ABE7FB54AAD57817638709868F201C688C6E6C7C97C4D53FBB8A2F1360B1","True","True"
"src/main/resources/assets/create_nuclear_industry/models/block/turbine/mesh/inlet_loose_east.obj","assets/create_nuclear_industry/models/block/turbine/mesh/inlet_loose_east.obj","8EB22ACC3EB5CC0942DBF0409271330F7B9D2E3AB038B17B6FE5CCE34ECCE217","8EB22ACC3EB5CC0942DBF0409271330F7B9D2E3AB038B17B6FE5CCE34ECCE217","True","True"
"src/main/resources/assets/create_nuclear_industry/models/block/turbine/mesh/inlet_loose_north.obj","assets/create_nuclear_industry/models/block/turbine/mesh/inlet_loose_north.obj","AA8A6BB3EE1A4FC0E6F31FB17357409E39053B16D45CF4A465E567C007A87929","AA8A6BB3EE1A4FC0E6F31FB17357409E39053B16D45CF4A465E567C007A87929","True","True"
"src/main/resources/assets/create_nuclear_industry/models/block/turbine/mesh/inlet_loose_south.obj","assets/create_nuclear_industry/models/block/turbine/mesh/inlet_loose_south.obj","6187936200744CBF506D4760BCFDDBE296B9B46FC4533FB8D91D02D22CEAF052","6187936200744CBF506D4760BCFDDBE296B9B46FC4533FB8D91D02D22CEAF052","True","True"
"src/main/resources/assets/create_nuclear_industry/models/block/turbine/mesh/inlet_loose_up.obj","assets/create_nuclear_industry/models/block/turbine/mesh/inlet_loose_up.obj","32D9A036FFD565ABAB017E424A15DDA2B107139904512EFCF7B8EA53815BB8E3","32D9A036FFD565ABAB017E424A15DDA2B107139904512EFCF7B8EA53815BB8E3","True","True"
"src/main/resources/assets/create_nuclear_industry/models/block/turbine/mesh/inlet_loose_west.obj","assets/create_nuclear_industry/models/block/turbine/mesh/inlet_loose_west.obj","C082E2C8726274406797E7CA417E39402916CDA340F8D30BBA191724EAF969D4","C082E2C8726274406797E7CA417E39402916CDA340F8D30BBA191724EAF969D4","True","True"
"src/main/resources/assets/create_nuclear_industry/models/block/turbine/mesh/inlet_right.obj","assets/create_nuclear_industry/models/block/turbine/mesh/inlet_right.obj","94BB15EEA9AB99E0EEB4EA2FB837E0CA6DFA2222B0E8A47DC770A92A05049B1C","94BB15EEA9AB99E0EEB4EA2FB837E0CA6DFA2222B0E8A47DC770A92A05049B1C","True","True"
"src/main/resources/assets/create_nuclear_industry/models/block/turbine/mesh/inlet_top.obj","assets/create_nuclear_industry/models/block/turbine/mesh/inlet_top.obj","4AA522BFDA1AFF2F49C6CD271139B6AFCC0CC5872DD2A05280E20D0B566469A3","4AA522BFDA1AFF2F49C6CD271139B6AFCC0CC5872DD2A05280E20D0B566469A3","True","True"
"src/main/resources/assets/create_nuclear_industry/models/block/turbine/mesh/inlet_up.obj","assets/create_nuclear_industry/models/block/turbine/mesh/inlet_up.obj","FD7CDE244FDD0F0C6727C180D56846EA154DBBCC92E85A77EF2D4F63AED33518","FD7CDE244FDD0F0C6727C180D56846EA154DBBCC92E85A77EF2D4F63AED33518","True","True"
"src/main/resources/assets/create_nuclear_industry/models/block/turbine/mesh/output_shaft_front.obj","assets/create_nuclear_industry/models/block/turbine/mesh/output_shaft_front.obj","BAE6407EDCE125346BB982AF87D4B2DEA2DB00F8551FAEB5F9DBAD214FC39B12","BAE6407EDCE125346BB982AF87D4B2DEA2DB00F8551FAEB5F9DBAD214FC39B12","True","True"
"src/main/resources/assets/create_nuclear_industry/models/block/turbine/mesh/output_shaft_rear.obj","assets/create_nuclear_industry/models/block/turbine/mesh/output_shaft_rear.obj","0D48062FCF4895CAB469EDC322D7F93B999AB0F4F5EB101531BFD9DFC17B2413","0D48062FCF4895CAB469EDC322D7F93B999AB0F4F5EB101531BFD9DFC17B2413","True","True"
"src/main/resources/assets/create_nuclear_industry/models/block/turbine/mesh/rotor_axle.obj","assets/create_nuclear_industry/models/block/turbine/mesh/rotor_axle.obj","B30FFDC0DC935283DD24260869AF3404DCEB2CD68416BE70DB42B6A26EA23A4C","B30FFDC0DC935283DD24260869AF3404DCEB2CD68416BE70DB42B6A26EA23A4C","True","True"
"src/main/resources/assets/create_nuclear_industry/models/block/turbine/mesh/rotor_blades_d3.obj","assets/create_nuclear_industry/models/block/turbine/mesh/rotor_blades_d3.obj","7CDBE416D976A7FD93753D3E53375F8D2F59AD55B30923A1319E56B4DE06AF4D","7CDBE416D976A7FD93753D3E53375F8D2F59AD55B30923A1319E56B4DE06AF4D","True","True"
"src/main/resources/assets/create_nuclear_industry/models/block/turbine/mesh/rotor_blades_d5.obj","assets/create_nuclear_industry/models/block/turbine/mesh/rotor_blades_d5.obj","39519B56199679DA7991F85EE68D66DBA89E79D6AC60026697A981973F2945C3","39519B56199679DA7991F85EE68D66DBA89E79D6AC60026697A981973F2945C3","True","True"
"src/main/resources/assets/create_nuclear_industry/models/block/turbine/mesh/rotor_blades_d7.obj","assets/create_nuclear_industry/models/block/turbine/mesh/rotor_blades_d7.obj","EC49446D1F7C2E3BD2BF7DF288F034650D0142ADD8CC5F4EF56A25B0D3C993D1","EC49446D1F7C2E3BD2BF7DF288F034650D0142ADD8CC5F4EF56A25B0D3C993D1","True","True"
"src/main/resources/assets/create_nuclear_industry/models/block/turbine/mesh/rotor_middle.obj","assets/create_nuclear_industry/models/block/turbine/mesh/rotor_middle.obj","E566C1378E6485D4CC5A34C1338D12A2BBBC5FBE45A808DC770778C0F58BA860","E566C1378E6485D4CC5A34C1338D12A2BBBC5FBE45A808DC770778C0F58BA860","True","True"
"src/main/resources/assets/create_nuclear_industry/models/block/turbine/mesh/turbine_casing_unformed_down.obj","assets/create_nuclear_industry/models/block/turbine/mesh/turbine_casing_unformed_down.obj","4E265FB393549C763C2C23DCDD617B00B765852BD5ED306E50172C79D7D2569E","4E265FB393549C763C2C23DCDD617B00B765852BD5ED306E50172C79D7D2569E","True","True"
"src/main/resources/assets/create_nuclear_industry/models/block/turbine/mesh/turbine_casing_unformed_east.obj","assets/create_nuclear_industry/models/block/turbine/mesh/turbine_casing_unformed_east.obj","C9263C8115D0FCDE2BD6838CEF207AAE1DF6347325BAF978EAE7723DA711DB4F","C9263C8115D0FCDE2BD6838CEF207AAE1DF6347325BAF978EAE7723DA711DB4F","True","True"
"src/main/resources/assets/create_nuclear_industry/models/block/turbine/mesh/turbine_casing_unformed_north.obj","assets/create_nuclear_industry/models/block/turbine/mesh/turbine_casing_unformed_north.obj","1561899880E17A0AECD6E0CF7BD418BAFEA15B2A2258C5E4B5D896EA7375073B","1561899880E17A0AECD6E0CF7BD418BAFEA15B2A2258C5E4B5D896EA7375073B","True","True"
"src/main/resources/assets/create_nuclear_industry/models/block/turbine/mesh/turbine_casing_unformed_south.obj","assets/create_nuclear_industry/models/block/turbine/mesh/turbine_casing_unformed_south.obj","3F9F1B8C021A243F79C78B6A7972CAC0DF847324013AF521E98FB7555F0F9AC6","3F9F1B8C021A243F79C78B6A7972CAC0DF847324013AF521E98FB7555F0F9AC6","True","True"
"src/main/resources/assets/create_nuclear_industry/models/block/turbine/mesh/turbine_casing_unformed_west.obj","assets/create_nuclear_industry/models/block/turbine/mesh/turbine_casing_unformed_west.obj","D7853E47565B0BDC970C252E9071C468320E4C452291C697750DDC5192122209","D7853E47565B0BDC970C252E9071C468320E4C452291C697750DDC5192122209","True","True"
"src/main/resources/assets/create_nuclear_industry/models/block/turbine/mesh/turbine_casing_unformed.obj","assets/create_nuclear_industry/models/block/turbine/mesh/turbine_casing_unformed.obj","1451A67B1BF3226F0C3CDA2CE4C286A6DC6546A2597E79352450D2A6638F820A","1451A67B1BF3226F0C3CDA2CE4C286A6DC6546A2597E79352450D2A6638F820A","True","True"
"src/main/resources/assets/create_nuclear_industry/models/block/turbine/mesh/turbine_controller_unformed.obj","assets/create_nuclear_industry/models/block/turbine/mesh/turbine_controller_unformed.obj","CBD28242905B870A85091B1E1B80EC52635E49C4CAB614AAAF773F947019BBAA","CBD28242905B870A85091B1E1B80EC52635E49C4CAB614AAAF773F947019BBAA","True","True"
"src/main/resources/assets/create_nuclear_industry/models/block/turbine/mesh/turbine_exhaust_unformed.obj","assets/create_nuclear_industry/models/block/turbine/mesh/turbine_exhaust_unformed.obj","151419FE42CE26077C44D61BEB8AFD07AAF0850EAFDE9A88D2A5B3516C7C8284","151419FE42CE26077C44D61BEB8AFD07AAF0850EAFDE9A88D2A5B3516C7C8284","True","True"
"src/main/resources/assets/create_nuclear_industry/models/block/turbine/mesh/turbine_inlet_unformed.obj","assets/create_nuclear_industry/models/block/turbine/mesh/turbine_inlet_unformed.obj","D895B0F1994F89922A4D350D7AE96939669281EAD1F8043086C64F16DC42A59F","D895B0F1994F89922A4D350D7AE96939669281EAD1F8043086C64F16DC42A59F","True","True"
"src/main/resources/assets/create_nuclear_industry/models/block/turbine/mesh/turbine_output_shaft_unformed_rear.obj","assets/create_nuclear_industry/models/block/turbine/mesh/turbine_output_shaft_unformed_rear.obj","0D48062FCF4895CAB469EDC322D7F93B999AB0F4F5EB101531BFD9DFC17B2413","0D48062FCF4895CAB469EDC322D7F93B999AB0F4F5EB101531BFD9DFC17B2413","True","True"
"src/main/resources/assets/create_nuclear_industry/models/block/turbine/mesh/turbine_output_shaft_unformed.obj","assets/create_nuclear_industry/models/block/turbine/mesh/turbine_output_shaft_unformed.obj","BAE6407EDCE125346BB982AF87D4B2DEA2DB00F8551FAEB5F9DBAD214FC39B12","BAE6407EDCE125346BB982AF87D4B2DEA2DB00F8551FAEB5F9DBAD214FC39B12","True","True"
"src/main/resources/assets/create_nuclear_industry/models/block/turbine/mesh/turbine_rotor_unformed.obj","assets/create_nuclear_industry/models/block/turbine/mesh/turbine_rotor_unformed.obj","C081A75FCFA91576BC67F936D6A1A70034F8655A3D3AADD0D423CEFA110713A5","C081A75FCFA91576BC67F936D6A1A70034F8655A3D3AADD0D423CEFA110713A5","True","True"
"src/main/resources/assets/create_nuclear_industry/models/block/turbine/mesh/turbine_window_unformed_down.obj","assets/create_nuclear_industry/models/block/turbine/mesh/turbine_window_unformed_down.obj","A42C345EC6586B112DD7A19279829DA1AB34370E769B5915E40051B50BB4DEC5","A42C345EC6586B112DD7A19279829DA1AB34370E769B5915E40051B50BB4DEC5","True","True"
"src/main/resources/assets/create_nuclear_industry/models/block/turbine/mesh/turbine_window_unformed_east.obj","assets/create_nuclear_industry/models/block/turbine/mesh/turbine_window_unformed_east.obj","31893991DB23A297B3DFC88ACB6BA51D1CCA0FA6FCD227E4B461AE86646C03FE","31893991DB23A297B3DFC88ACB6BA51D1CCA0FA6FCD227E4B461AE86646C03FE","True","True"
"src/main/resources/assets/create_nuclear_industry/models/block/turbine/mesh/turbine_window_unformed_north.obj","assets/create_nuclear_industry/models/block/turbine/mesh/turbine_window_unformed_north.obj","978671E8D98CFCB91196F0BF96FDE0479EC82C7C8C0AD17762528F8B2AA584E0","978671E8D98CFCB91196F0BF96FDE0479EC82C7C8C0AD17762528F8B2AA584E0","True","True"
"src/main/resources/assets/create_nuclear_industry/models/block/turbine/mesh/turbine_window_unformed_south.obj","assets/create_nuclear_industry/models/block/turbine/mesh/turbine_window_unformed_south.obj","9A82A5981E543630D2B176B5D729985C594C090C6B683D0E978D7A1D853D9FFA","9A82A5981E543630D2B176B5D729985C594C090C6B683D0E978D7A1D853D9FFA","True","True"
"src/main/resources/assets/create_nuclear_industry/models/block/turbine/mesh/turbine_window_unformed_west.obj","assets/create_nuclear_industry/models/block/turbine/mesh/turbine_window_unformed_west.obj","A0F96483B051514603CFE34B0A20578EC5F9614D2CFF569AF46887A6669F69F1","A0F96483B051514603CFE34B0A20578EC5F9614D2CFF569AF46887A6669F69F1","True","True"
"src/main/resources/assets/create_nuclear_industry/models/block/turbine/mesh/turbine.mtl","assets/create_nuclear_industry/models/block/turbine/mesh/turbine.mtl","2E7061321DDFD845556165E271513DE0190F43FA454412970ADB67A6FD43F3A7","2E7061321DDFD845556165E271513DE0190F43FA454412970ADB67A6FD43F3A7","True","True"
"src/main/resources/assets/create_nuclear_industry/models/block/turbine/rotor_middle.json","assets/create_nuclear_industry/models/block/turbine/rotor_middle.json","4A9C4E3218808F023C4BCF20F370062EED5E4D8AEF3AEF1D5F39D411C8276A27","4A9C4E3218808F023C4BCF20F370062EED5E4D8AEF3AEF1D5F39D411C8276A27","True","True"
"src/main/resources/assets/create_nuclear_industry/models/block/turbine/turbine_output_shaft_unformed_rear.json","assets/create_nuclear_industry/models/block/turbine/turbine_output_shaft_unformed_rear.json","5C281BFD660829B1EA7B41A95E83D5D7FC1BE617D14E8345F7252000F5B09E67","5C281BFD660829B1EA7B41A95E83D5D7FC1BE617D14E8345F7252000F5B09E67","True","True"
"src/main/resources/assets/create_nuclear_industry/textures/block/turbine/turbine_bearing_support_surface.png","assets/create_nuclear_industry/textures/block/turbine/turbine_bearing_support_surface.png","DA31B4BEFB55B1B25539CE8387852BBF2F75C6B58DD957B07B29E9DD31DCC7FD","DA31B4BEFB55B1B25539CE8387852BBF2F75C6B58DD957B07B29E9DD31DCC7FD","True","True"
"src/main/resources/assets/create_nuclear_industry/textures/block/turbine/turbine_brass_surface.png","assets/create_nuclear_industry/textures/block/turbine/turbine_brass_surface.png","276505E29E3918ABDC94885D0F1F5722C42E58BFB910BB90BE292E2765075444","276505E29E3918ABDC94885D0F1F5722C42E58BFB910BB90BE292E2765075444","True","True"
"src/main/resources/assets/create_nuclear_industry/textures/block/turbine/turbine_controller_surface.png","assets/create_nuclear_industry/textures/block/turbine/turbine_controller_surface.png","F2B42DE142BED93A3EF65EE97208C4481FE42F9C711E322173DED683896EFE2E","F2B42DE142BED93A3EF65EE97208C4481FE42F9C711E322173DED683896EFE2E","True","True"
"src/main/resources/assets/create_nuclear_industry/textures/block/turbine/turbine_exhaust_face.png","assets/create_nuclear_industry/textures/block/turbine/turbine_exhaust_face.png","2EB766DCE93B216441EFC2FC4C1ACBB5F0ED236772B5B6567A4DD508C6E93B3A","2EB766DCE93B216441EFC2FC4C1ACBB5F0ED236772B5B6567A4DD508C6E93B3A","True","True"
"src/main/resources/assets/create_nuclear_industry/textures/block/turbine/turbine_exhaust_side.png","assets/create_nuclear_industry/textures/block/turbine/turbine_exhaust_side.png","CF5E48ABC627790A9DEE511D182E49DF5F7858E38C7D44858A44ACDB06809242","CF5E48ABC627790A9DEE511D182E49DF5F7858E38C7D44858A44ACDB06809242","True","True"
"src/main/resources/assets/create_nuclear_industry/textures/block/turbine/turbine_inlet_face.png","assets/create_nuclear_industry/textures/block/turbine/turbine_inlet_face.png","DB92618989398015FD6FFEF0FF6DB80E9806C4423A6BB53ACA4374C2AF06F446","DB92618989398015FD6FFEF0FF6DB80E9806C4423A6BB53ACA4374C2AF06F446","True","True"
"src/main/resources/assets/create_nuclear_industry/textures/block/turbine/turbine_inlet_side.png","assets/create_nuclear_industry/textures/block/turbine/turbine_inlet_side.png","144A1DEA692A9C6EA5D0268953124C0227554ABFD5F546C137C4BC2749375426","144A1DEA692A9C6EA5D0268953124C0227554ABFD5F546C137C4BC2749375426","True","True"
"src/main/resources/assets/create_nuclear_industry/textures/block/turbine/turbine_output_shaft_surface.png","assets/create_nuclear_industry/textures/block/turbine/turbine_output_shaft_surface.png","1B90178623DA380FCD4C33A9F9E0376BEF44772FC7ED0E267817986B00617373","1B90178623DA380FCD4C33A9F9E0376BEF44772FC7ED0E267817986B00617373","True","True"
