"Path","Length","LastWriteTimeUtc","SHA256"
"src/main/resources/assets/create_nuclear_industry/blockstates/turbine_exhaust.json","67843","2026-10-04T18:19:45.2719870Z","B92C6401B2AE3317D917DED34497B20BD16C24DBDB71FEC9F88592DA66C5EB8F"
"src/main/resources/assets/create_nuclear_industry/blockstates/turbine_inlet.json","67075","2026-10-04T18:19:45.2709865Z","CEDAD0CBB399FE1AC6D1AB963A2301EABE57B7D5C6254A9C901773DEBAA2D7D3"
"src/main/resources/assets/create_nuclear_industry/blockstates/turbine_output_shaft.json","2859","2026-10-04T18:19:45.2699865Z","A33B4EC9710BA36352FB6D04519591B4FA4FB9555191CCA59D4D46AA67A6F190"
"src/main/resources/assets/create_nuclear_industry/lang/en_us.json","29723","2026-10-04T18:01:17.9069979Z","8C9104DDEA32196A8B2FD6D161CA31B400C1D00BCFDD430ED82C97D60EC2AEC5"
"src/main/resources/assets/create_nuclear_industry/lang/zh_cn.json","28447","2026-10-04T18:01:17.9059965Z","231112D74EDBCBDC11FF6C58B04CC9357BDA64633403DC95D64BDF204FCC956B"
"src/main/resources/assets/create_nuclear_industry/models/block/turbine/exhaust_loose_down.json","311","2026-10-04T18:19:45.1119503Z","A8A1F6A4254A2115572AEE276EB982D9749DF9377D93BD1934DDA37A0F99E044"
"src/main/resources/assets/create_nuclear_industry/models/block/turbine/exhaust_loose_east.json","311","2026-10-04T18:19:45.1079492Z","DD78F9E394964CEE46C3067CB3FE492E51452152FAD65E03191830AE1AB64B56"
"src/main/resources/assets/create_nuclear_industry/models/block/turbine/exhaust_loose_north.json","312","2026-10-04T18:19:45.1059488Z","54F226164A3237E3BD52F7A70916A4E19925C770DC588A44F6DD3BF653261CBA"
"src/main/resources/assets/create_nuclear_industry/models/block/turbine/exhaust_loose_south.json","312","2026-10-04T18:19:45.1089496Z","9B334227B103FB1D1EC50715DB1FE7B293241C2B7AE0487D401210B2C97E7BBB"
"src/main/resources/assets/create_nuclear_industry/models/block/turbine/exhaust_loose_up.json","309","2026-10-04T18:19:45.1109502Z","481181D359E286ADC18DA467B1BFD6943A176CDEC7BC078791D69E9858CFA83C"
"src/main/resources/assets/create_nuclear_industry/models/block/turbine/exhaust_loose_west.json","311","2026-10-04T18:19:45.1099498Z","33C5899990B0EEFB67172F47C9944995E22467CF18AB27C6090A1B89BEA68C78"
"src/main/resources/assets/create_nuclear_industry/models/block/turbine/inlet_loose_down.json","307","2026-10-04T18:19:45.1109502Z","6B8CCF063ECF85A1D13DCBE5773CE009DEDF5A7B8545714850338C0E266EF335"
"src/main/resources/assets/create_nuclear_industry/models/block/turbine/inlet_loose_east.json","307","2026-10-04T18:19:45.1069484Z","F511B0FACAD7CA2AC0A4BB0D9EA4E99D516E84E0463ECD89FBA79408253CF0A1"
"src/main/resources/assets/create_nuclear_industry/models/block/turbine/inlet_loose_north.json","308","2026-10-04T18:19:45.1059488Z","32AC9B7ACEBF90E134B7D1D6DF762097CD5D4A9396FE4F61C3CC90C76638B9D5"
"src/main/resources/assets/create_nuclear_industry/models/block/turbine/inlet_loose_south.json","308","2026-10-04T18:19:45.1079492Z","025B0EEB375ADBE2D043B2BE8FBECADBE001D364F3040004943329818FCC4D9A"
"src/main/resources/assets/create_nuclear_industry/models/block/turbine/inlet_loose_up.json","305","2026-10-04T18:19:45.1099498Z","55CF0B67AB100B83D304E484D8646F6A6CFA171AC9FB6388FA5512C2C5C9EA53"
"src/main/resources/assets/create_nuclear_industry/models/block/turbine/inlet_loose_west.json","307","2026-10-04T18:19:45.1089496Z","5AB363774B60F79EAFB2EBAE326CF649CD74FD12134AEF4AEEC941842D3C35CA"
"src/main/resources/assets/create_nuclear_industry/models/block/turbine/mesh/casing_d3_front_x-1_y-1.obj","3207","2026-10-04T18:19:45.1219525Z","AEF543853A3DA0500B57198EA6624EC00574B9AB77BB8886208B4F2CC7DFB059"
"src/main/resources/assets/create_nuclear_industry/models/block/turbine/mesh/casing_d3_front_x-1_y1.obj","3194","2026-10-04T18:19:45.1249529Z","F2AD30F812C6F6431EED34FDCB15933608E6991E4F57B426A6DC26E9132019B8"
"src/main/resources/assets/create_nuclear_industry/models/block/turbine/mesh/casing_d3_front_x1_y-1.obj","3194","2026-10-04T18:19:45.1229524Z","FE2726B5635B5655AD0FA1415CDB519597C635E4C61EE965D035FB3449ADC141"
"src/main/resources/assets/create_nuclear_industry/models/block/turbine/mesh/casing_d3_front_x1_y1.obj","3193","2026-10-04T18:19:45.1259538Z","C8E7F73AA670740883E0D1AA5C4CAA9157972C98D0352D3C26B5E3EE0F03B480"
"src/main/resources/assets/create_nuclear_industry/models/block/turbine/mesh/casing_d3_rear_x-1_y-1.obj","3206","2026-10-04T18:19:45.1329568Z","AF3FD28E93D3915531449ACFA09D5CFE3EFCABFEF4603B33C8AE2E6378884D1F"
"src/main/resources/assets/create_nuclear_industry/models/block/turbine/mesh/casing_d3_rear_x-1_y1.obj","3193","2026-10-04T18:19:45.1359561Z","3A22906F9312B4BABBA465D87C9E7E9484D931288F33A46B80E521D377E023C4"
"src/main/resources/assets/create_nuclear_industry/models/block/turbine/mesh/casing_d3_rear_x1_y-1.obj","3193","2026-10-04T18:19:45.1339553Z","38013AAFDB6CCEA486500061A29F388E7E4F70BFFB1E969BC599111A5BD933C7"
"src/main/resources/assets/create_nuclear_industry/models/block/turbine/mesh/casing_d3_rear_x1_y1.obj","3192","2026-10-04T18:19:45.1379558Z","284A954795E5B7B56E1E185CE7F946DBCF6AA2A42A3884198C6285DFB24D136F"
"src/main/resources/assets/create_nuclear_industry/models/block/turbine/mesh/casing_d5_front_x-1_y-2.obj","2869","2026-10-04T18:19:45.1389564Z","4B00F5B35BC7DF3132070FA06682DC4E2C2F83CB3DA86F3B1FB31A0D51D3D217"
"src/main/resources/assets/create_nuclear_industry/models/block/turbine/mesh/casing_d5_front_x-1_y2.obj","2864","2026-10-04T18:19:45.1489584Z","0C6104D550B134E31FC4FB3B6F5C8CE77CCBD4E406D06C119C8999626F84EFB6"
"src/main/resources/assets/create_nuclear_industry/models/block/turbine/mesh/casing_d5_front_x-2_y-1.obj","2883","2026-10-04T18:19:45.1409563Z","AB756F7D3E8F52C36766F2E4689BBB063D2C34A5125C0D17FC2C36341228FB76"
"src/main/resources/assets/create_nuclear_industry/models/block/turbine/mesh/casing_d5_front_x-2_y1.obj","2864","2026-10-04T18:19:45.1459583Z","4A1A64B92F4D0E2A8E1F7655CAABE6AA2FD758FB6EFF0C748E98EA51D5B41828"
"src/main/resources/assets/create_nuclear_industry/models/block/turbine/mesh/casing_d5_front_x1_y-2.obj","2864","2026-10-04T18:19:45.1399564Z","63DD5E3070C7A6A898C63816C017BB655DB35665AA2A08E5667E4A57206EF2D8"
"src/main/resources/assets/create_nuclear_industry/models/block/turbine/mesh/casing_d5_front_x1_y2.obj","2859","2026-10-04T18:19:45.1499587Z","1A1DDAB1E8675461545544D0A46ECE66083A57CB505D34B2EA3F51E69F7544DC"
"src/main/resources/assets/create_nuclear_industry/models/block/turbine/mesh/casing_d5_front_x2_y-1.obj","2864","2026-10-04T18:19:45.1429571Z","D4EF099EB90039469D81A15B6DDFE8751B02BE832DD0307956CC0B8F75772CAF"
"src/main/resources/assets/create_nuclear_industry/models/block/turbine/mesh/casing_d5_front_x2_y1.obj","2859","2026-10-04T18:19:45.1479584Z","F3AC4EA2139DF64770499DEE0BEC42D7C937BC3759B81DD50B8695917F20E2BE"
"src/main/resources/assets/create_nuclear_industry/models/block/turbine/mesh/casing_d5_rear_x-1_y-2.obj","2868","2026-10-04T18:19:45.1629618Z","AD724219C4C5C7EC0FDA3CE0778672626CD09BEB4919F7A2EFE9C91D99482C6F"
"src/main/resources/assets/create_nuclear_industry/models/block/turbine/mesh/casing_d5_rear_x-1_y2.obj","2863","2026-10-04T18:19:45.1739644Z","245646B6385F34E38E04EE50FB468FF8CEFCAB1EC3469BF9D59090F17E8D50FE"
"src/main/resources/assets/create_nuclear_industry/models/block/turbine/mesh/casing_d5_rear_x-2_y-1.obj","2882","2026-10-04T18:19:45.1649621Z","E4CB21794B59365AE60037AE4779C3CFEE2A4792F2704F2F4CCEFC21451F47BB"
"src/main/resources/assets/create_nuclear_industry/models/block/turbine/mesh/casing_d5_rear_x-2_y1.obj","2863","2026-10-04T18:19:45.1709636Z","E3E56626B202D014B75C9BC62FCCB1CA100A229C5EF1C6B84DED5ADA4697C6CD"
"src/main/resources/assets/create_nuclear_industry/models/block/turbine/mesh/casing_d5_rear_x1_y-2.obj","2863","2026-10-04T18:19:45.1639620Z","2E99A67595824BF405FEB76343339BA7127E804297455CE17C170DEE4A8C79D5"
"src/main/resources/assets/create_nuclear_industry/models/block/turbine/mesh/casing_d5_rear_x1_y2.obj","2858","2026-10-04T18:19:45.1749651Z","B98E59B54EA5522AFD0F1DF059D3882F7C2D2310645F3D7EC33FA7489F0819E7"
"src/main/resources/assets/create_nuclear_industry/models/block/turbine/mesh/casing_d5_rear_x2_y-1.obj","2863","2026-10-04T18:19:45.1669625Z","37DA1D6B2660FA6943E7FED47B0E2924B375C24439563A78914583CE6440EFCC"
"src/main/resources/assets/create_nuclear_industry/models/block/turbine/mesh/casing_d5_rear_x2_y1.obj","2858","2026-10-04T18:19:45.1729636Z","6F148DD72CE4FE3CF8063176C37248A0520C19E2CB5A3DDFD71140F3EBF2F6B3"
"src/main/resources/assets/create_nuclear_industry/models/block/turbine/mesh/casing_d7_front_x-1_y-3.obj","2869","2026-10-04T18:19:45.1769646Z","513CE31FE1B7BF06F3D95F7A8778AC4358B8F00C4725D611D0CFD86ADDF77F5F"
"src/main/resources/assets/create_nuclear_industry/models/block/turbine/mesh/casing_d7_front_x-1_y3.obj","2864","2026-10-04T18:19:45.1989700Z","C6E138DF6C0D79854C5737DB4DDAED02D755D3700B6EDFEA9784A75988B8CC1B"
"src/main/resources/assets/create_nuclear_industry/models/block/turbine/mesh/casing_d7_front_x-2_y-2.obj","2513","2026-10-04T18:19:45.1789656Z","2AD62C3F3060D297FF9EC13978A9473BE8657A11492DAC761D55843F916B9563"
"src/main/resources/assets/create_nuclear_industry/models/block/turbine/mesh/casing_d7_front_x-2_y2.obj","2504","2026-10-04T18:19:45.1949688Z","453F0F360CD7FBECEB8BAF83176A808D1157FCBE1FFCA2E09435A2FBBB6FA936"
"src/main/resources/assets/create_nuclear_industry/models/block/turbine/mesh/casing_d7_front_x-3_y-1.obj","2883","2026-10-04T18:19:45.1829661Z","601E468180A5135E4B8C1B34DE3CF4A3B98FF5535BFDE992509732AD50D7C93A"
"src/main/resources/assets/create_nuclear_industry/models/block/turbine/mesh/casing_d7_front_x-3_y1.obj","2864","2026-10-04T18:19:45.1899678Z","C7C2BD40C366CBA658F8D6506DA2A2D1E81C05F763B397E99C5DF59326283227"
"src/main/resources/assets/create_nuclear_industry/models/block/turbine/mesh/casing_d7_front_x1_y-3.obj","2864","2026-10-04T18:19:45.1779652Z","3F93EA3FA512F26A88CB678DD3C056B803AFF908A90BCE42F7A9E2339D1525F3"
"src/main/resources/assets/create_nuclear_industry/models/block/turbine/mesh/casing_d7_front_x1_y3.obj","2859","2026-10-04T18:19:45.1999701Z","824744CDA065F9B2CCC213AEBE60212F259BD63AC0F1DC22EDAEC8F3567D6EF8"
"src/main/resources/assets/create_nuclear_industry/models/block/turbine/mesh/casing_d7_front_x2_y-2.obj","2504","2026-10-04T18:19:45.1809658Z","76B4C9FBBABED6D9221295BF8B347BBF203638F7A989EAC5FE06EAAD64CE3769"
"src/main/resources/assets/create_nuclear_industry/models/block/turbine/mesh/casing_d7_front_x2_y2.obj","2495","2026-10-04T18:19:45.1969695Z","F0BBB8C2583E7DE78257845E480AE24D41594446175C6131597624B739B08B3F"
"src/main/resources/assets/create_nuclear_industry/models/block/turbine/mesh/casing_d7_front_x3_y-1.obj","2864","2026-10-04T18:19:45.1859676Z","FBE0EB351AFC128BE680BDE9F698A036397D16D58D6E77534CA841E9D388B360"
"src/main/resources/assets/create_nuclear_industry/models/block/turbine/mesh/casing_d7_front_x3_y1.obj","2859","2026-10-04T18:19:45.1939695Z","9F869C55CBB377947B4EEF308798DBFC9FAE72DC1AE77E0C86E4611A53830A6A"
"src/main/resources/assets/create_nuclear_industry/models/block/turbine/mesh/casing_d7_rear_x-1_y-3.obj","2868","2026-10-04T18:19:45.2169742Z","DFEDDCECA52DED0EB4F46D63D01701EA62AA98F12DD4D6C35B57559FF7F07182"
"src/main/resources/assets/create_nuclear_industry/models/block/turbine/mesh/casing_d7_rear_x-1_y3.obj","2863","2026-10-04T18:19:45.2389793Z","9A0BFDEF1C12ADA27CEEA53E8B78099BD894DA4AAE849B7012122771E29E4EE6"
"src/main/resources/assets/create_nuclear_industry/models/block/turbine/mesh/casing_d7_rear_x-2_y-2.obj","2512","2026-10-04T18:19:45.2199749Z","E7421B39EB28CD76B5A133F956EC7BB6422DDD7BCAC1549B134F5B349329138C"
"src/main/resources/assets/create_nuclear_industry/models/block/turbine/mesh/casing_d7_rear_x-2_y2.obj","2503","2026-10-04T18:19:45.2349780Z","FD229BA12315BE336EF4F68D8DE17DEB89575F03799F4AC1E85A0BB9DE868AED"
"src/main/resources/assets/create_nuclear_industry/models/block/turbine/mesh/casing_d7_rear_x-3_y-1.obj","2882","2026-10-04T18:19:45.2229758Z","5C13A97B751295F5DCA09E1DAA634C72BD3D10B5C353E9FBC04786C1DCD7697A"
"src/main/resources/assets/create_nuclear_industry/models/block/turbine/mesh/casing_d7_rear_x-3_y1.obj","2863","2026-10-04T18:19:45.2309791Z","FBC28645D6640BE1160909BB953B6218546BE4F85C19CC8342904CA57185CA33"
"src/main/resources/assets/create_nuclear_industry/models/block/turbine/mesh/casing_d7_rear_x1_y-3.obj","2863","2026-10-04T18:19:45.2179740Z","0DB1DE7FB5B464EF96D87FEB6228005CD1615F20D2F95C822F5FE3F33F959F8F"
"src/main/resources/assets/create_nuclear_industry/models/block/turbine/mesh/casing_d7_rear_x1_y3.obj","2858","2026-10-04T18:19:45.2399794Z","880697D54ADE2273E9E36C57072D5B5F383618DB4960CFCE6EF44CEABC2563E8"
"src/main/resources/assets/create_nuclear_industry/models/block/turbine/mesh/casing_d7_rear_x2_y-2.obj","2503","2026-10-04T18:19:45.2219752Z","7B13B24D38CE837D7CD214E7BFA668946697DEB84FD780578E5996FBF2D9613C"
"src/main/resources/assets/create_nuclear_industry/models/block/turbine/mesh/casing_d7_rear_x2_y2.obj","2494","2026-10-04T18:19:45.2369789Z","0985251A2A804F7EB926BD80A3E0C8E5D62E80DDF1F7822DAA48AB78367182AB"
"src/main/resources/assets/create_nuclear_industry/models/block/turbine/mesh/casing_d7_rear_x3_y-1.obj","2863","2026-10-04T18:19:45.2259769Z","B7E52B23EF02206FD1DA184BBAB694806F36E297F73ADDE238FAFD3BB1426CEE"
"src/main/resources/assets/create_nuclear_industry/models/block/turbine/mesh/casing_d7_rear_x3_y1.obj","2858","2026-10-04T18:19:45.2339781Z","720DB7459A62607BC82B96B21ED9883F584D6723BFC94C789A1297798402B8A5"
"src/main/resources/assets/create_nuclear_industry/models/block/turbine/mesh/controller_down.obj","1768","2026-10-04T18:19:45.2459814Z","FE599990EE344D48F1A00C166990E3BDDE66D2624B9C119122FD86B763F578FC"
"src/main/resources/assets/create_nuclear_industry/models/block/turbine/mesh/controller_left.obj","1768","2026-10-04T18:19:45.2479814Z","E0321611674E4B4AC1D3A9230063FFBBDF48D59B2F059D1AA40E6FACE31F3551"
"src/main/resources/assets/create_nuclear_industry/models/block/turbine/mesh/controller_right.obj","1773","2026-10-04T18:19:45.2499821Z","A3C63228DD03B637EA47F8EC9A57008B446BD289602A22FD3B974C05B4673600"
"src/main/resources/assets/create_nuclear_industry/models/block/turbine/mesh/controller_up.obj","1770","2026-10-04T18:19:45.2449807Z","0A59594A07CED9B44B79370DC05C7F27E1B5FBB443B056E1FBA05AC9158EBC31"
"src/main/resources/assets/create_nuclear_industry/models/block/turbine/mesh/exhaust_down.obj","13830","2026-10-04T18:19:45.2469811Z","3C0D3953ADA6FF685E2E3DC9860BA032A8E3807B26BAD43139BA30C23AE7D2F6"
"src/main/resources/assets/create_nuclear_industry/models/block/turbine/mesh/exhaust_left.obj","13830","2026-10-04T18:19:45.2489814Z","8FDA6A145210575E69B665F760323FA2A91FBB2293D7732E58EEB22A2D5E877A"
"src/main/resources/assets/create_nuclear_industry/models/block/turbine/mesh/exhaust_loose_down.obj","13836","2026-10-04T18:19:45.2569832Z","C26E1F6C8BBCC006248338629831769190D04715FC4CA62D1F8BD7B7C3211D20"
"src/main/resources/assets/create_nuclear_industry/models/block/turbine/mesh/exhaust_loose_east.obj","13798","2026-10-04T18:19:45.2529826Z","150F3DB3268696B0784F599D39DC035D5100C2EC6F1111172F4EE7C37662397C"
"src/main/resources/assets/create_nuclear_industry/models/block/turbine/mesh/exhaust_loose_north.obj","13837","2026-10-04T18:19:45.2519818Z","D66E7B00511B33BCD10AF217EBCBC4D36343859081E66F1B67871B767209E56D"
"src/main/resources/assets/create_nuclear_industry/models/block/turbine/mesh/exhaust_loose_south.obj","13799","2026-10-04T18:19:45.2539829Z","24CB55978C0A07262BDE82AB8845816900AEA0C0E405BD9399B0D00CC5D1C149"
"src/main/resources/assets/create_nuclear_industry/models/block/turbine/mesh/exhaust_loose_up.obj","13796","2026-10-04T18:19:45.2559837Z","429A772A7DB6864407C036250FBAF3B1106B56EF1859FF1B131F8A628831A900"
"src/main/resources/assets/create_nuclear_industry/models/block/turbine/mesh/exhaust_loose_west.obj","13836","2026-10-04T18:19:45.2549833Z","66ABEA498A76E8F8E349BCAE12ECD6DD35DE9AD3929D3193BC09392E67EFB8CA"
"src/main/resources/assets/create_nuclear_industry/models/block/turbine/mesh/exhaust_right.obj","13534","2026-10-04T18:19:45.2509820Z","71E0B94E4BCC2A4BBF9EBA8CAAE4DDC9DAC127774E228B39FF5D13A5BE2DF00B"
"src/main/resources/assets/create_nuclear_industry/models/block/turbine/mesh/exhaust_top.obj","13791","2026-10-04T18:19:45.2769884Z","56887DEAB8981E4188C97D8908D4A519776208320729E7E18292EE2839EBAE30"
"src/main/resources/assets/create_nuclear_industry/models/block/turbine/mesh/exhaust_up.obj","13790","2026-10-04T18:19:45.2459814Z","8793898BF6C823308E2A5C92CA407FF931EF27248356974CA8180C7FB510B637"
"src/main/resources/assets/create_nuclear_industry/models/block/turbine/mesh/inlet_down.obj","13824","2026-10-04T18:19:45.2469811Z","4720640611EE64B2EC16D7BA2E5968DAB24CFF9424B5B5EA3AAF11A3F8BC2831"
"src/main/resources/assets/create_nuclear_industry/models/block/turbine/mesh/inlet_left.obj","13824","2026-10-04T18:19:45.2479814Z","562C95D9F08B19D5EDCAE0AC3EC4DAE655AAC16289DB0F5ABFF9D4D92D954C53"
"src/main/resources/assets/create_nuclear_industry/models/block/turbine/mesh/inlet_loose_down.obj","13830","2026-10-04T18:19:45.2559837Z","7DE8ABE7FB54AAD57817638709868F201C688C6E6C7C97C4D53FBB8A2F1360B1"
"src/main/resources/assets/create_nuclear_industry/models/block/turbine/mesh/inlet_loose_east.obj","13792","2026-10-04T18:19:45.2519818Z","8EB22ACC3EB5CC0942DBF0409271330F7B9D2E3AB038B17B6FE5CCE34ECCE217"
"src/main/resources/assets/create_nuclear_industry/models/block/turbine/mesh/inlet_loose_north.obj","13831","2026-10-04T18:19:45.2509820Z","AA8A6BB3EE1A4FC0E6F31FB17357409E39053B16D45CF4A465E567C007A87929"
"src/main/resources/assets/create_nuclear_industry/models/block/turbine/mesh/inlet_loose_south.obj","13793","2026-10-04T18:19:45.2529826Z","6187936200744CBF506D4760BCFDDBE296B9B46FC4533FB8D91D02D22CEAF052"
"src/main/resources/assets/create_nuclear_industry/models/block/turbine/mesh/inlet_loose_up.obj","13790","2026-10-04T18:19:45.2549833Z","32D9A036FFD565ABAB017E424A15DDA2B107139904512EFCF7B8EA53815BB8E3"
"src/main/resources/assets/create_nuclear_industry/models/block/turbine/mesh/inlet_loose_west.obj","13830","2026-10-04T18:19:45.2539829Z","C082E2C8726274406797E7CA417E39402916CDA340F8D30BBA191724EAF969D4"
"src/main/resources/assets/create_nuclear_industry/models/block/turbine/mesh/inlet_right.obj","13528","2026-10-04T18:19:45.2499821Z","94BB15EEA9AB99E0EEB4EA2FB837E0CA6DFA2222B0E8A47DC770A92A05049B1C"
"src/main/resources/assets/create_nuclear_industry/models/block/turbine/mesh/inlet_top.obj","13785","2026-10-04T18:19:45.2759889Z","4AA522BFDA1AFF2F49C6CD271139B6AFCC0CC5872DD2A05280E20D0B566469A3"
"src/main/resources/assets/create_nuclear_industry/models/block/turbine/mesh/inlet_up.obj","13784","2026-10-04T18:19:45.2449807Z","FD7CDE244FDD0F0C6727C180D56846EA154DBBCC92E85A77EF2D4F63AED33518"
"src/main/resources/assets/create_nuclear_industry/models/block/turbine/mesh/output_shaft_front.obj","25413","2026-10-04T18:19:45.2429806Z","BAE6407EDCE125346BB982AF87D4B2DEA2DB00F8551FAEB5F9DBAD214FC39B12"
"src/main/resources/assets/create_nuclear_industry/models/block/turbine/mesh/output_shaft_rear.obj","25000","2026-10-04T18:19:45.2439806Z","0D48062FCF4895CAB469EDC322D7F93B999AB0F4F5EB101531BFD9DFC17B2413"
"src/main/resources/assets/create_nuclear_industry/models/block/turbine/mesh/rotor_axle.obj","8794","2026-10-04T18:19:45.2429806Z","B30FFDC0DC935283DD24260869AF3404DCEB2CD68416BE70DB42B6A26EA23A4C"
"src/main/resources/assets/create_nuclear_industry/models/block/turbine/mesh/rotor_blades_d3.obj","98929","2026-10-04T18:19:45.2409796Z","7CDBE416D976A7FD93753D3E53375F8D2F59AD55B30923A1319E56B4DE06AF4D"
"src/main/resources/assets/create_nuclear_industry/models/block/turbine/mesh/rotor_blades_d5.obj","98949","2026-10-04T18:19:45.2419803Z","39519B56199679DA7991F85EE68D66DBA89E79D6AC60026697A981973F2945C3"
"src/main/resources/assets/create_nuclear_industry/models/block/turbine/mesh/rotor_blades_d7.obj","98981","2026-10-04T18:19:45.2419803Z","EC49446D1F7C2E3BD2BF7DF288F034650D0142ADD8CC5F4EF56A25B0D3C993D1"
"src/main/resources/assets/create_nuclear_industry/models/block/turbine/mesh/rotor_middle.obj","9244","2026-10-04T18:19:45.2649853Z","E566C1378E6485D4CC5A34C1338D12A2BBBC5FBE45A808DC770778C0F58BA860"
"src/main/resources/assets/create_nuclear_industry/models/block/turbine/mesh/turbine_casing_unformed_down.obj","965","2026-10-04T18:19:45.2589841Z","4E265FB393549C763C2C23DCDD617B00B765852BD5ED306E50172C79D7D2569E"
"src/main/resources/assets/create_nuclear_industry/models/block/turbine/mesh/turbine_casing_unformed_east.obj","965","2026-10-04T18:19:45.2629846Z","C9263C8115D0FCDE2BD6838CEF207AAE1DF6347325BAF978EAE7723DA711DB4F"
"src/main/resources/assets/create_nuclear_industry/models/block/turbine/mesh/turbine_casing_unformed_north.obj","966","2026-10-04T18:19:45.2599844Z","1561899880E17A0AECD6E0CF7BD418BAFEA15B2A2258C5E4B5D896EA7375073B"
"src/main/resources/assets/create_nuclear_industry/models/block/turbine/mesh/turbine_casing_unformed_south.obj","966","2026-10-04T18:19:45.2609843Z","3F9F1B8C021A243F79C78B6A7972CAC0DF847324013AF521E98FB7555F0F9AC6"
"src/main/resources/assets/create_nuclear_industry/models/block/turbine/mesh/turbine_casing_unformed_west.obj","965","2026-10-04T18:19:45.2619843Z","D7853E47565B0BDC970C252E9071C468320E4C452291C697750DDC5192122209"
"src/main/resources/assets/create_nuclear_industry/models/block/turbine/mesh/turbine_casing_unformed.obj","952","2026-10-04T18:19:45.2579846Z","1451A67B1BF3226F0C3CDA2CE4C286A6DC6546A2597E79352450D2A6638F820A"
"src/main/resources/assets/create_nuclear_industry/models/block/turbine/mesh/turbine_controller_unformed.obj","1780","2026-10-04T18:19:45.2649853Z","CBD28242905B870A85091B1E1B80EC52635E49C4CAB614AAAF773F947019BBAA"
"src/main/resources/assets/create_nuclear_industry/models/block/turbine/mesh/turbine_exhaust_unformed.obj","13842","2026-10-04T18:19:45.2679851Z","151419FE42CE26077C44D61BEB8AFD07AAF0850EAFDE9A88D2A5B3516C7C8284"
"src/main/resources/assets/create_nuclear_industry/models/block/turbine/mesh/turbine_inlet_unformed.obj","13836","2026-10-04T18:19:45.2669857Z","D895B0F1994F89922A4D350D7AE96939669281EAD1F8043086C64F16DC42A59F"
"src/main/resources/assets/create_nuclear_industry/models/block/turbine/mesh/turbine_output_shaft_unformed_rear.obj","25000","2026-10-04T18:19:45.2659858Z","0D48062FCF4895CAB469EDC322D7F93B999AB0F4F5EB101531BFD9DFC17B2413"
"src/main/resources/assets/create_nuclear_industry/models/block/turbine/mesh/turbine_output_shaft_unformed.obj","25413","2026-10-04T18:19:45.2659858Z","BAE6407EDCE125346BB982AF87D4B2DEA2DB00F8551FAEB5F9DBAD214FC39B12"
"src/main/resources/assets/create_nuclear_industry/models/block/turbine/mesh/turbine_rotor_unformed.obj","100192","2026-10-04T18:19:45.2639845Z","C081A75FCFA91576BC67F936D6A1A70034F8655A3D3AADD0D423CEFA110713A5"
"src/main/resources/assets/create_nuclear_industry/models/block/turbine/mesh/turbine_window_unformed_down.obj","5101","2026-10-04T18:19:45.2589841Z","A42C345EC6586B112DD7A19279829DA1AB34370E769B5915E40051B50BB4DEC5"
"src/main/resources/assets/create_nuclear_industry/models/block/turbine/mesh/turbine_window_unformed_east.obj","5101","2026-10-04T18:19:45.2639845Z","31893991DB23A297B3DFC88ACB6BA51D1CCA0FA6FCD227E4B461AE86646C03FE"
"src/main/resources/assets/create_nuclear_industry/models/block/turbine/mesh/turbine_window_unformed_north.obj","5102","2026-10-04T18:19:45.2599844Z","978671E8D98CFCB91196F0BF96FDE0479EC82C7C8C0AD17762528F8B2AA584E0"
"src/main/resources/assets/create_nuclear_industry/models/block/turbine/mesh/turbine_window_unformed_south.obj","5102","2026-10-04T18:19:45.2619843Z","9A82A5981E543630D2B176B5D729985C594C090C6B683D0E978D7A1D853D9FFA"
"src/main/resources/assets/create_nuclear_industry/models/block/turbine/mesh/turbine_window_unformed_west.obj","5101","2026-10-04T18:19:45.2629846Z","A0F96483B051514603CFE34B0A20578EC5F9614D2CFF569AF46887A6669F69F1"
"src/main/resources/assets/create_nuclear_industry/models/block/turbine/mesh/turbine.mtl","1888","2026-10-04T18:19:45.2679851Z","2E7061321DDFD845556165E271513DE0190F43FA454412970ADB67A6FD43F3A7"
"src/main/resources/assets/create_nuclear_industry/models/block/turbine/rotor_middle.json","309","2026-10-04T18:19:45.1189516Z","4A9C4E3218808F023C4BCF20F370062EED5E4D8AEF3AEF1D5F39D411C8276A27"
"src/main/resources/assets/create_nuclear_industry/models/block/turbine/turbine_output_shaft_unformed_rear.json","333","2026-10-04T18:19:45.1199517Z","5C281BFD660829B1EA7B41A95E83D5D7FC1BE617D14E8345F7252000F5B09E67"
"src/main/resources/assets/create_nuclear_industry/textures/block/turbine/turbine_bearing_support_surface.png","246","2026-10-04T18:19:45.2799888Z","DA31B4BEFB55B1B25539CE8387852BBF2F75C6B58DD957B07B29E9DD31DCC7FD"
"src/main/resources/assets/create_nuclear_industry/textures/block/turbine/turbine_brass_surface.png","215","2026-10-04T18:19:45.2799888Z","276505E29E3918ABDC94885D0F1F5722C42E58BFB910BB90BE292E2765075444"
"src/main/resources/assets/create_nuclear_industry/textures/block/turbine/turbine_controller_surface.png","225","2026-10-04T18:19:45.2779883Z","F2B42DE142BED93A3EF65EE97208C4481FE42F9C711E322173DED683896EFE2E"
"src/main/resources/assets/create_nuclear_industry/textures/block/turbine/turbine_exhaust_face.png","247","2026-10-04T18:19:45.2789968Z","2EB766DCE93B216441EFC2FC4C1ACBB5F0ED236772B5B6567A4DD508C6E93B3A"
"src/main/resources/assets/create_nuclear_industry/textures/block/turbine/turbine_exhaust_side.png","106","2026-10-04T18:19:45.2809890Z","CF5E48ABC627790A9DEE511D182E49DF5F7858E38C7D44858A44ACDB06809242"
"src/main/resources/assets/create_nuclear_industry/textures/block/turbine/turbine_inlet_face.png","235","2026-10-04T18:19:45.2779883Z","DB92618989398015FD6FFEF0FF6DB80E9806C4423A6BB53ACA4374C2AF06F446"
"src/main/resources/assets/create_nuclear_industry/textures/block/turbine/turbine_inlet_side.png","117","2026-10-04T18:19:45.2809890Z","144A1DEA692A9C6EA5D0268953124C0227554ABFD5F546C137C4BC2749375426"
"src/main/resources/assets/create_nuclear_industry/textures/block/turbine/turbine_output_shaft_surface.png","154","2026-10-04T18:19:45.2789968Z","1B90178623DA380FCD4C33A9F9E0376BEF44772FC7ED0E267817986B00617373"
