"path","sha256","match"
"assets/create_nuclear_industry/models/block/turbine/mesh/exhaust_down.obj","709AD0CD0CF7F0DC5865105744FAB182EB7BCC7184BEF4BA26BD663359D07653","True"
"assets/create_nuclear_industry/models/block/turbine/mesh/exhaust_left.obj","E7644A8268B85B93145D0AE041517D78797A430A8D33FBB3DFF76CAE75102506","True"
"assets/create_nuclear_industry/models/block/turbine/mesh/exhaust_loose_down.obj","C9121D4A26F450518D7DDA09D4C05CBA8F9C1D0D776D5C7385533312D159D8CB","True"
"assets/create_nuclear_industry/models/block/turbine/mesh/exhaust_loose_east.obj","EDCFEA7D37FB09A2DE1DFEC29BE9CA63F26B8DBC5382067B97EF997D18358203","True"
"assets/create_nuclear_industry/models/block/turbine/mesh/exhaust_loose_north.obj","6B2D51A1885B3B85618B00B3BCB740C9C873709E5026F3BE4CB8D0D3D280B146","True"
"assets/create_nuclear_industry/models/block/turbine/mesh/exhaust_loose_south.obj","B1AF8B2A8B8E767EBA44938EA2143483A8F8AC5D6C697F83D188B7FED7F73BC5","True"
"assets/create_nuclear_industry/models/block/turbine/mesh/exhaust_loose_up.obj","05AC24379A0FD035F38F1F9CD5BEBF6FD1BE74642E70C9725A7DB6995C02E3DC","True"
"assets/create_nuclear_industry/models/block/turbine/mesh/exhaust_loose_west.obj","C44661932FAA715692556B4F9C44A0AB6F78CAEFC3FD9741F165AD8A4342557D","True"
"assets/create_nuclear_industry/models/block/turbine/mesh/exhaust_right.obj","9E7D621AE441B91F9E1FD4C79AF1348CD4266CDB95E04ADD3F6264ED3661F32D","True"
"assets/create_nuclear_industry/models/block/turbine/mesh/exhaust_top.obj","4FC4DD13E237E264339581840B52EDB7B772A21B704558F29E3972310A3681AE","True"
"assets/create_nuclear_industry/models/block/turbine/mesh/exhaust_up.obj","D893558CF19086FE54B29BF8118A2262A9124C73253394D5DE5197C68595D060","True"
"assets/create_nuclear_industry/models/block/turbine/mesh/inlet_down.obj","BC81C50F60BD57A1E66E3C47CD06920016A29466B744F8C4D8AD0F3F64329D7D","True"
"assets/create_nuclear_industry/models/block/turbine/mesh/inlet_left.obj","4E3D97D4AAF003AB25DA2F084EF9BF8B919D4307EFBD5A4AD35FECF82071B0F4","True"
"assets/create_nuclear_industry/models/block/turbine/mesh/inlet_loose_down.obj","ABFFAE3C9CD547745BB5FC9665D021A4119A194006A1BE238B53266716A22D03","True"
"assets/create_nuclear_industry/models/block/turbine/mesh/inlet_loose_east.obj","1EE923C143A8B942C32784F73AD4422DFDA2BC34FA846E1B5319AC9562698C11","True"
"assets/create_nuclear_industry/models/block/turbine/mesh/inlet_loose_north.obj","575EAC146327D1901EB5EAF0AF668F9C6C5C6271CFFA2F6BF8C85A54E5F87DEB","True"
"assets/create_nuclear_industry/models/block/turbine/mesh/inlet_loose_south.obj","5686E265CBC661C073803068DA353C155058DAC11F44DA146E7454337171CE18","True"
"assets/create_nuclear_industry/models/block/turbine/mesh/inlet_loose_up.obj","5308E6B5775CEBBDC3A53174DEB12757F1618BF2F3F92AAE26E1A61A6330333A","True"
"assets/create_nuclear_industry/models/block/turbine/mesh/inlet_loose_west.obj","9AAA8E015324E927DBE993066D41F8A8977B6C9E7A271F6CEAD35D34FC9466F3","True"
"assets/create_nuclear_industry/models/block/turbine/mesh/inlet_right.obj","6FD9BA5554262FED16246F8D64C1EB6EF583D83C995F743D1EF9BA16C9EEDEF7","True"
"assets/create_nuclear_industry/models/block/turbine/mesh/inlet_top.obj","232AEC53ABC8D792EBBF737200FD8238AEF570BA126F15741E4623CE3C81E938","True"
"assets/create_nuclear_industry/models/block/turbine/mesh/inlet_up.obj","7E04EB6831739C60D334E9DC8FFA1F578922E499C80CC0F17682C456D800C929","True"
"assets/create_nuclear_industry/models/block/turbine/mesh/turbine_exhaust_unformed.obj","67D7B9D27EF9F8B3C4CA489B0E83C0DB64DDB37788EA63CFE4AB593470B7B147","True"
"assets/create_nuclear_industry/models/block/turbine/mesh/turbine_inlet_unformed.obj","177D3415F0CC6923EDEEF3C2F16B4D6B7C8DA314007B46235707C4DA05BB58B4","True"
