"Path","Length","Sha256"
"EXT-A-MATERIAL-05.md","8764","B75049C14B2254482A97D1721A870F7F66746CF267DA93FBFDA83892B64FF67D"
"EXT-A-MATERIAL-05/material-05.init.gradle","2037","17F6D61643DB94602BDDF2ACCDB22272E745BAF9D1944F372F3EF66FE101129F"
"EXT-A-MATERIAL-05/verify-artifact.ps1","4564","C4F24CE13934AD52BC5E852ADAFE2D2D5BA52AAB14FD03814273811846CEE643"
"EXT-A-MATERIAL-05/verify-default-run.ps1","1238","5E429BE34221884419FA13F764C43EA3E931DA7BC39CAC493138C5B24C36886F"
"EXT-A-MATERIAL-05/make-evidence.ps1","4534","298D2BE8A2B931FA7E189CB2BF2059C3BA25D244E8157A8E7E1B47F85B87A68A"
"EXT-A-MATERIAL-05/red-gametest.log","65481","7886CE952A1BF06A3D1CCC4DAD5060580AC0D42A9200B696C4019341F125C6F5"
"EXT-A-MATERIAL-05/red-exit.txt","8","5DAE72A737750057776CC6551D222D7A5B70E71940B313CD2FC9A1ACA1F4A9F4"
"EXT-A-MATERIAL-05/red-stop.txt","17995","ABBAD3011C8AA6B32004077022B844965B62B68E1894B35B8014CF513AC85DD4"
"EXT-A-MATERIAL-05/green-probe-1.log","63853","103ED497A3B2D86AB2C345BA9B31BBF8BB299F32E1CEA58089E650E87DE419A6"
"EXT-A-MATERIAL-05/green-probe-1-exit.txt","8","5DAE72A737750057776CC6551D222D7A5B70E71940B313CD2FC9A1ACA1F4A9F4"
"EXT-A-MATERIAL-05/green-probe-1-stop.txt","17995","F92C4F178BEBDAEBDBEA6D97D7F2BCEE4729B9E7B3B0D97875048AC950483692"
"EXT-A-MATERIAL-05/green-probe-2.log","63055","3717F52F62B1292F70BB0DC106AF574C4F32027DB42C931CC56D1AE74B4D832A"
"EXT-A-MATERIAL-05/green-probe-2-exit.txt","8","5DAE72A737750057776CC6551D222D7A5B70E71940B313CD2FC9A1ACA1F4A9F4"
"EXT-A-MATERIAL-05/green-probe-2-stop.txt","17995","D1188E5D10529B059DD85FEAB0AE62EA3544AD61C4D144B38038B12FEA78BFDB"
"EXT-A-MATERIAL-05/green-probe-3.log","63199","FC82A2C8E455E6321AF575D5121FC32F1D35EFB4EDFA7A3B3C1FC336DC9CA2BE"
"EXT-A-MATERIAL-05/green-probe-3-exit.txt","8","5DAE72A737750057776CC6551D222D7A5B70E71940B313CD2FC9A1ACA1F4A9F4"
"EXT-A-MATERIAL-05/green-probe-3-stop.txt","17995","B3793FB8641653663B77BBFA7010B5B8A8F7DED7F9C353C612C8B2D5E9D54227"
"EXT-A-MATERIAL-05/compile-1.log","3684","77A94C48DBA48921EA8DBF427C9A60F45CE4BCCA040F1D10C6F2BFB4B2038B8E"
"EXT-A-MATERIAL-05/final-test-build.log","4595","133422835E545384316511D993598D85678EC87D8804B8886C59C1BB42AD7E25"
"EXT-A-MATERIAL-05/final-test-build-exit.txt","8","2095D5302E465922147E220C0389F7A923EA0C1509A23097F04B3C220798AEF8"
"EXT-A-MATERIAL-05/final-gametest.log","63198","E928769259A988FDFE3905BDD30021BCE95640EF4FA7072008447A09E746B856"
"EXT-A-MATERIAL-05/final-gametest-exit.txt","8","5DAE72A737750057776CC6551D222D7A5B70E71940B313CD2FC9A1ACA1F4A9F4"
"EXT-A-MATERIAL-05/final-gametest-stop.txt","17995","BA5D6016D5236CAFF77BEFCA1A102003F606CD30E10AA06A7E3B2EF8931F8083"
"EXT-A-MATERIAL-05/junit-summary.txt","53","DFB649887DCC5D78CB695501814B1743C0095755BC4ED6A57A13AA567A6C7F11"
"EXT-A-MATERIAL-05/fix1-build.log","4595","076295EAD1E5AB7BB499ADB9C12B775C1B17345E908F498182CF0F6B881C3604"
"EXT-A-MATERIAL-05/fix1-build-exit.txt","8","2095D5302E465922147E220C0389F7A923EA0C1509A23097F04B3C220798AEF8"
"EXT-A-MATERIAL-05/fix1-gametest.log","63930","E004ACD89198F5C1499CB780459BC53FA1B8A0E8D8AB5780C78EB6435C62F6D6"
"EXT-A-MATERIAL-05/fix1-gametest-exit.txt","8","5DAE72A737750057776CC6551D222D7A5B70E71940B313CD2FC9A1ACA1F4A9F4"
"EXT-A-MATERIAL-05/fix1-gametest-stop.txt","17995","1A0A4C143EE9DB5E49144F9AEF49210E30B6187EA6F6562D398B98F4F22B587B"
"EXT-A-MATERIAL-05/fix1-junit-summary.txt","53","DFB649887DCC5D78CB695501814B1743C0095755BC4ED6A57A13AA567A6C7F11"
"EXT-A-MATERIAL-05/reload-commands.txt","1114","2E61293E390FB305C1AC2FE03A9D48791D089ACF62276371FC513579E935FBAA"
"EXT-A-MATERIAL-05/reload-evidence.txt","2088","D72527C79E07475BEB72BC99D3A08CAB742A002CE71006D959A4D001AE00D79C"
"EXT-A-MATERIAL-05/reload-false-true-false-latest.log","16400","1F7C1A592B2AA4EF5B20AE420ACB06B36922009BE92AE1F3AD087A8A777CD38C"
"EXT-A-MATERIAL-05/external-quartz-pack/pack.mcmeta","91","AF5B6489EE065D77840340E71BF059AFA919808E17B0C3C4F62533D36D908013"
"EXT-A-MATERIAL-05/external-quartz-pack/data/c/tags/item/dusts/quartz.json","48","0620893C732EF772F9E112F0AE9E56839EB00A9D99D6D00413A315D8CB87FCA9"
"EXT-A-MATERIAL-05/default-run-before.csv","25853","D94664A633BDF1A826D136CAB05E28696E3AE9B3CA6BA8D6F2D780BCC540AC5B"
"EXT-A-MATERIAL-05/default-run-after.csv","25853","D94664A633BDF1A826D136CAB05E28696E3AE9B3CA6BA8D6F2D780BCC540AC5B"
"EXT-A-MATERIAL-05/default-run-comparison.txt","81","33BA369775D9014B424E9C7263F184A26A434D7953029C4185DC645633970729"
"EXT-A-MATERIAL-05/java-before.json","3734","9089506BD1C8E4E9CD9CF234201558E141F73B38873B992449C4BEB2D7E40C21"
"EXT-A-MATERIAL-05/java-after-reload.json","3734","9089506BD1C8E4E9CD9CF234201558E141F73B38873B992449C4BEB2D7E40C21"
"EXT-A-MATERIAL-05/java-after.json","3734","9089506BD1C8E4E9CD9CF234201558E141F73B38873B992449C4BEB2D7E40C21"
"EXT-A-MATERIAL-05/root-latest.log.before","3489","B094FA55E95CBD30DD0B2B58647AB547EEFB257D63DD22410F754B16AC19E56D"
"EXT-A-MATERIAL-05/root-latest.log.after","5290","65B983DCAFCDAE45AF127C107BC3D86EC97D254ED1E423297D0B49AE1BC12D85"
"EXT-A-MATERIAL-05/root-debug.log.before","3489","B094FA55E95CBD30DD0B2B58647AB547EEFB257D63DD22410F754B16AC19E56D"
"EXT-A-MATERIAL-05/root-debug.log.after","5290","65B983DCAFCDAE45AF127C107BC3D86EC97D254ED1E423297D0B49AE1BC12D85"
"EXT-A-MATERIAL-05/pre-fix1-default-run-after.csv","25853","D94664A633BDF1A826D136CAB05E28696E3AE9B3CA6BA8D6F2D780BCC540AC5B"
"EXT-A-MATERIAL-05/pre-fix1-default-run-comparison.txt","81","33BA369775D9014B424E9C7263F184A26A434D7953029C4185DC645633970729"
"EXT-A-MATERIAL-05/pre-fix1-java-after.json","3734","9089506BD1C8E4E9CD9CF234201558E141F73B38873B992449C4BEB2D7E40C21"
"EXT-A-MATERIAL-05/pre-fix1-root-latest.log.after","5290","AB3BD76909A927DE3E3C048F910130B83EA44BCC652A4FB98F032C9C8C421F47"
"EXT-A-MATERIAL-05/pre-fix1-root-debug.log.after","5290","AB3BD76909A927DE3E3C048F910130B83EA44BCC652A4FB98F032C9C8C421F47"
"EXT-A-MATERIAL-05/resource-hashes.csv","40378","9410AC806DF83D24FDB4EB30B0FFF7650D1ED99021753DA36BE0DA35C9C06A39"
"EXT-A-MATERIAL-05/old-texture-diff.txt","111","22D79EDA8EB4E24DC956DDC3AD4EE90C747837B81AA626F9F37EB8B2BF719A24"
"EXT-A-MATERIAL-05/artifact-verification.json","261","8273EA09D56F49BAB8031833EB309B3645CFCDDA4D314A8FAD7F5939C0EA3ED2"
"EXT-A-MATERIAL-05/pm-artifact-verification.json","261","8273EA09D56F49BAB8031833EB309B3645CFCDDA4D314A8FAD7F5939C0EA3ED2"
"EXT-A-MATERIAL-05/fix1-artifact-verification.json","261","F068D14690A5E9D6C0A8366F845FAE216016F3E783750E44E24131738C135A4E"
"EXT-A-MATERIAL-05/pm-fix1-artifact-verification.json","261","F068D14690A5E9D6C0A8366F845FAE216016F3E783750E44E24131738C135A4E"
"EXT-A-MATERIAL-05/fix1-review.diff","12803","36E549596630832456FB644CC18849F9782D9C02D4A40E2FBED575CDDB8714EB"
"EXT-ART-07/preexisting-game-png-sha256.json","6616","3977CBA171DEE0F38144C5C56E5B2A59B6BB4BA9EE3B20961568C79C106CF2E5"
"EXT-A-MATERIAL-05/junit-xml/TEST-com.iksxh.create_nuclear_industry.control.ControlRodSliderClientResponsePolicyTest.xml","1106","CA45192BC5119F4BAE3ED68F4FA97E96E403154EBC1C248F1690708320CDB92C"
"EXT-A-MATERIAL-05/junit-xml/TEST-com.iksxh.create_nuclear_industry.control.ControlRodSliderProtocolTest.xml","852","C2C63BC101E3FB72CFAB78824924423578B52B3026C969B09C4F39A96048B23A"
"EXT-A-MATERIAL-05/junit-xml/TEST-com.iksxh.create_nuclear_industry.control.P1Control04ContractTest.xml","523","6D36DE4BAA3E1B9295FC5B70D120E10A23AAC1EAC71603C564B03EA970AA2C98"
"EXT-A-MATERIAL-05/junit-xml/TEST-com.iksxh.create_nuclear_industry.ExtensionOreDataContractTest.xml","992","C0F027329730E7464A6655DD1E45E6AE26570CF3A1949C4496929B3618756439"
"EXT-A-MATERIAL-05/junit-xml/TEST-com.iksxh.create_nuclear_industry.p0probe.P0ApiProbeContractTest.xml","525","B57B150197417DEB2E0E8C0E0FC16139BECCD0703AB3F288C923993448A2FB91"
"EXT-A-MATERIAL-05/junit-xml/TEST-com.iksxh.create_nuclear_industry.p0probe.P0IntegrationAdapterTest.xml","543","472AAEBA9F59E824669771B6013186DAD991250FC0F91B3B20496B46AE3EB8DF"
"EXT-A-MATERIAL-05/junit-xml/TEST-com.iksxh.create_nuclear_industry.p0probe.P0NumericPrototypeTest.xml","3426","5D5BDED27FB074BB29D6BAA5BAEA8200EB1C96EBA7EA62FCD02C85BDC8B708C6"
"EXT-A-MATERIAL-05/junit-xml/TEST-com.iksxh.create_nuclear_industry.P1BalanceContractTest.xml","1023","4A77254BDA7264AD3705071B5000AA89755189BD2C7BCEC6DE28FB0CA151BC72"
"EXT-A-MATERIAL-05/junit-xml/TEST-com.iksxh.create_nuclear_industry.P1BlockEntityRegistrationContractTest.xml","887","572CBBB49CC397072172C78CDFE2B9F3B37EB2C1CD2A3A77FBA045621BA5BCC4"
"EXT-A-MATERIAL-05/junit-xml/TEST-com.iksxh.create_nuclear_industry.P1BlockRegistrationContractTest.xml","1038","81F3DA1F431637CC9FD74D09ADC3B63B64B36A8FF8B0B8F8FA3B5814B77E9349"
"EXT-A-MATERIAL-05/junit-xml/TEST-com.iksxh.create_nuclear_industry.P1Coolant05ContractTest.xml","990","F23EC51CF8E4C7D93AA22609DFB9B4D23BED863E87FFD80F66FEA1188A60CA12"
"EXT-A-MATERIAL-05/junit-xml/TEST-com.iksxh.create_nuclear_industry.P1CoolantConfigurationContractTest.xml","711","20E5A90DFE406AA8C06E703B731BDCD5437FB0A604D5180D5E827B3C49CAF707"
"EXT-A-MATERIAL-05/junit-xml/TEST-com.iksxh.create_nuclear_industry.P1DamageBalanceConfigurationTest.xml","2502","6B7C926A6723EAFDF2ACEE12D14E053F21FD6F4955F6B4DB450127BFCF100756"
"EXT-A-MATERIAL-05/junit-xml/TEST-com.iksxh.create_nuclear_industry.P1DataContractTest.xml","1116","A1183E29BB75AAA2A2E041D26C25CB0BC60C588C5AFC5A99D18FF1D6EE7B3453"
"EXT-A-MATERIAL-05/junit-xml/TEST-com.iksxh.create_nuclear_industry.P1GoggleInstrument01ContractTest.xml","715","E7F9C5CA7F2ACFABF7C2AB8B51900FB8209962202D4F5AB179367BCAEE64F248"
"EXT-A-MATERIAL-05/junit-xml/TEST-com.iksxh.create_nuclear_industry.P1GoggleInstrument02ContractTest.xml","711","90B65DBB509DD6D098FFFE65A7B951A3A53FFEDA67CE5B01B536DBF947C8A4F4"
"EXT-A-MATERIAL-05/junit-xml/TEST-com.iksxh.create_nuclear_industry.P1GoggleInstrument03ContractTest.xml","713","3F0EC0D371A1234EA9B276DE38BEFC8D74CCCCEA0196540203AD36F026DFDDB7"
"EXT-A-MATERIAL-05/junit-xml/TEST-com.iksxh.create_nuclear_industry.P1GoggleInstrument04ContractTest.xml","703","3D08D79B30CB8617296E6632A830B50281BCE58C3177183569DC0206895F64E3"
"EXT-A-MATERIAL-05/junit-xml/TEST-com.iksxh.create_nuclear_industry.P1ItemFluidRegistrationContractTest.xml","1220","0B8D0001D4D878EDBFF6869B9414B6DAF5EF8029528DD4D4AF7214997DD12F39"
"EXT-A-MATERIAL-05/junit-xml/TEST-com.iksxh.create_nuclear_industry.P1Maint03ContractTest.xml","818","1C1A4DEF17EDD41D27DC51DC2FB7E13542C6BD454EB3BFDBB03D0F3A5E2831BD"
"EXT-A-MATERIAL-05/junit-xml/TEST-com.iksxh.create_nuclear_industry.P1Ponder01ContractTest.xml","1292","3024692235BFEF4B980D0591B75E3615BA2DF1BE578F14EF2139D8C719A9A24B"
"EXT-A-MATERIAL-05/junit-xml/TEST-com.iksxh.create_nuclear_industry.P1RegistrationContractTest.xml","1005","F9C4B9B355920CB5C7768790C621859DE45B9F38116D93825ADA43D06A6FBE0A"
"EXT-A-MATERIAL-05/junit-xml/TEST-com.iksxh.create_nuclear_industry.ProjectContractTest.xml","483","B4B9CBB93F435D3038E22D8CD8714AA6A803E3EB212A0BB22B22409464AEA174"
"EXT-A-MATERIAL-05/junit-xml/TEST-com.iksxh.create_nuclear_industry.reactor.ControlRodColumnRepairTransactionTest.xml","1224","8A2A9F91C45E39E32BA4584F583D0D045305FC11BAD356CF4E07AF7A6D9A1E27"
"EXT-A-MATERIAL-05/junit-xml/TEST-com.iksxh.create_nuclear_industry.reactor.ControlRodStateTransitionsTest.xml","1551","8BE6C07FDEC3FF50F69311CD3C449D1DD68E22715FEFFEDCE905D5FCCE5B0782"
"EXT-A-MATERIAL-05/junit-xml/TEST-com.iksxh.create_nuclear_industry.reactor.FuelColumnRepairTransactionTest.xml","1348","0BE3F88C765D5A63D0374CFE21463A884DD9D967A3AD0752C6F0F5D7D106B16E"
"EXT-A-MATERIAL-05/junit-xml/TEST-com.iksxh.create_nuclear_industry.reactor.FuelRefuelingTransactionTest.xml","1605","9E01A2C190F2F9AF8BD1ABD063E63CFBF13E1694D4171238A0AAFB2036A1B0DE"
"EXT-A-MATERIAL-05/junit-xml/TEST-com.iksxh.create_nuclear_industry.reactor.P1Thermal01ContractTest.xml","2313","CA61FF281D86D236B1A73BE475E698718531FBD77D19660A982350A86C29F01B"
"EXT-A-MATERIAL-05/junit-xml/TEST-com.iksxh.create_nuclear_industry.reactor.ReactorControlRodTickTest.xml","888","CAAFD03609A402F69CD49EAF7A4A02EB56223C1AA3C8873D4DD4897540101C11"
"EXT-A-MATERIAL-05/junit-xml/TEST-com.iksxh.create_nuclear_industry.reactor.ReactorCoolantLedgerTest.xml","1563","FBD7F6E9614CE11E8915942B6C1461228725E469F8005F5BA79372B4999BA24A"
"EXT-A-MATERIAL-05/junit-xml/TEST-com.iksxh.create_nuclear_industry.reactor.ReactorCoolantPortAggregationTest.xml","1412","156D9831C2AA22F345CEBAD03EC70BF8886CC49082CCBE776F02080717F37D78"
"EXT-A-MATERIAL-05/junit-xml/TEST-com.iksxh.create_nuclear_industry.reactor.ReactorCoolantPortFlowBudgetTest.xml","1201","CE139AB0134D7BC097821978905CC5DC08C3DEE39A826AC6D9DA472E82AEB54A"
"EXT-A-MATERIAL-05/junit-xml/TEST-com.iksxh.create_nuclear_industry.reactor.ReactorCoolantSimulationAdapterTest.xml","1634","6526AE8AE9E692DD8EE519DBF6D80790E2B9B9B28422643C3704485DDAF049D9"
"EXT-A-MATERIAL-05/junit-xml/TEST-com.iksxh.create_nuclear_industry.reactor.ReactorFissionCalculatorTest.xml","2458","6120CDD4D9785566176F9628F87367EAEFE22EA02E4BE75B1786DC72A9524130"
"EXT-A-MATERIAL-05/junit-xml/TEST-com.iksxh.create_nuclear_industry.reactor.ReactorFullShutdownAssessmentTest.xml","2601","367C9ED18E77C708D1483A720908E2CC97C0BCB243EBD89CC515B0811CEED81B"
"EXT-A-MATERIAL-05/junit-xml/TEST-com.iksxh.create_nuclear_industry.reactor.ReactorHeatPropagationTest.xml","1390","F11266E3143F81015B4DF82F25C4108E4160C9903C076951DC01243E01D3C2D6"
"EXT-A-MATERIAL-05/junit-xml/TEST-com.iksxh.create_nuclear_industry.reactor.ReactorInstrumentGoggleDisplayTest.xml","1645","737747D22B0E40D3DC385553FD245DBB291B3C348CA4B80A2F836942221CA2E8"
"EXT-A-MATERIAL-05/junit-xml/TEST-com.iksxh.create_nuclear_industry.reactor.ReactorInstrumentTelemetryTest.xml","1308","9F60F2CA9A4F2B73C239EC25EE5E2009453E2E61A9010DAAC6142F6D2FFC606B"
"EXT-A-MATERIAL-05/junit-xml/TEST-com.iksxh.create_nuclear_industry.reactor.ReactorMeltdownEventsTest.xml","686","C6019F78B6FB1C2945ADB3CCCC625F82F614F7FACD65B791EBEC2D054108167F"
"EXT-A-MATERIAL-05/junit-xml/TEST-com.iksxh.create_nuclear_industry.reactor.ReactorMeltdownStateMachineTest.xml","1954","6788C27385E9DC215452646F875BF64496E8CBCD1B68553E99D487011D0DE690"
"EXT-A-MATERIAL-05/junit-xml/TEST-com.iksxh.create_nuclear_industry.reactor.ReactorScramFissionRegressionTest.xml","897","5A739486AC88CF0F4C75D5807300433FD7E1A94FA401716760C4B70ECAE7026C"
"EXT-A-MATERIAL-05/junit-xml/TEST-com.iksxh.create_nuclear_industry.reactor.ReactorServerTickTest.xml","1046","CF7E0CCA09B37FDE5A2482F2CE54CCE35CFE34AE6AF5F36944EF433EB23FE5E9"
"EXT-A-MATERIAL-05/junit-xml/TEST-com.iksxh.create_nuclear_industry.reactor.ReactorSimulationRegressionTest.xml","1105","81234651B651E7BCC9AA64A1A4DBB9536745133A9F9869E2734020A15D7872CD"
"EXT-A-MATERIAL-05/junit-xml/TEST-com.iksxh.create_nuclear_industry.reactor.ReactorSnapshotNbtCodecTest.xml","1766","114F91E00457F4F9036E7600A68D101047CD9B590771B208A7A5883225308496"
"EXT-A-MATERIAL-05/junit-xml/TEST-com.iksxh.create_nuclear_industry.reactor.ReactorSnapshotTest.xml","1352","971298624F5286404CF619D5AC145E2E5A6A6D0C4640CBA9AC6F5A25E9D4E0A4"
"EXT-A-MATERIAL-05/junit-xml/TEST-com.iksxh.create_nuclear_industry.reactor.ReactorThermalCalculatorTest.xml","1590","5E7A34B6884932F1D4368452ED345F4052927D9CD920053BCC7B83BAE2E5541E"
"EXT-A-MATERIAL-05/junit-xml/TEST-com.iksxh.create_nuclear_industry.ResourceContractTest.xml","1100","D747999205D821C9D938A09973DFF666FF52D769740C3946F3AA51C3404C91AA"
"EXT-A-MATERIAL-05/junit-xml/TEST-com.iksxh.create_nuclear_industry.structure.ReactorCoolantCapacityTest.xml","1551","5ED074B9EA919F45156013A2E625D71DA4B988DE5FBB98393F83FA480526512A"
"EXT-A-MATERIAL-05/junit-xml/TEST-com.iksxh.create_nuclear_industry.structure.ReactorInstrumentStructureSummaryTest.xml","1647","2BB5CCF1D59696A9A01778C3096E1FA71E88C0B76B4F6766CF84582597F3065D"
"EXT-A-MATERIAL-05/junit-xml/TEST-com.iksxh.create_nuclear_industry.structure.ReactorStructureContractTest.xml","1605","53393E8DA551C39C3129EDABC21ED6D32D2DB42084DEE2093A3D543571B2363A"
"EXT-A-MATERIAL-05/junit-xml/TEST-com.iksxh.create_nuclear_industry.structure.ReactorStructureDiagnosticsContractTest.xml","925","6D163344379B0607AB87708BF04DDF8DECFF0DD391ED28F0B77210D143839716"
"EXT-A-MATERIAL-05/junit-xml/TEST-com.iksxh.create_nuclear_industry.structure.ReactorStructureLifecycleContractTest.xml","729","9BCF2963166E97227EDA384BA2CFC7964071196D402908C70426B766AC48B3A6"
